id,date_in,date_out,total_nights,total_price,createdat,updatedat,guestId,roomsId
1001,2020-05-13,2020-05-16,3,1251,2018-11-07,2018-10-16,252,115
1002,2020-12-11,2020-12-13,2,534,2018-04-02,2018-08-30,351,293
1003,2019-08-04,2019-08-15,11,3850,2018-07-30,2018-11-23,235,300
1004,2020-02-08,2020-02-17,9,2025,2018-07-24,2018-03-27,3,216
1005,2020-06-23,2020-07-03,10,1850,2018-05-02,2018-08-20,346,374
1006,2020-06-26,2020-06-28,2,234,2018-09-13,2019-02-22,159,185
1007,2019-07-21,2019-07-28,7,2429,2018-08-27,2018-09-23,40,118
1008,2020-05-30,2020-06-06,7,3402,2019-02-26,2018-05-04,13,161
1009,2020-12-12,2020-12-14,2,630,2018-05-26,2018-12-17,329,307
1010,2020-05-15,2020-05-21,6,1086,2018-06-20,2019-02-22,324,313
1011,2019-07-26,2019-08-05,10,4650,2018-03-17,2018-12-21,38,151
1012,2020-02-02,2020-02-05,3,396,2019-02-07,2018-09-03,332,274
1013,2020-04-12,2020-04-27,15,6750,2018-06-28,2019-01-03,346,379
1014,2020-01-19,2020-02-03,15,2790,2018-07-02,2019-02-03,299,339
1015,2020-09-13,2020-09-20,7,2485,2018-10-25,2018-09-28,237,259
1016,2019-07-05,2019-07-18,13,6097,2018-03-31,2018-06-27,137,357
1017,2019-05-28,2019-06-01,4,924,2018-05-15,2018-09-27,93,327
1018,2019-04-25,2019-05-04,9,4365,2018-09-26,2018-10-08,133,351
1019,2020-01-06,2020-01-08,2,268,2018-05-30,2018-07-07,249,237
1020,2021-02-11,2021-02-15,4,1736,2018-06-30,2018-12-25,243,294
1021,2019-09-06,2019-09-07,1,294,2018-12-11,2019-02-08,119,381
1022,2020-08-27,2020-08-30,3,309,2019-01-31,2018-03-23,183,267
1023,2020-04-23,2020-04-29,6,2580,2018-07-21,2019-02-01,49,157
1024,2020-06-29,2020-07-03,4,1648,2018-11-21,2019-02-02,281,394
1025,2020-01-07,2020-01-14,7,3010,2019-02-26,2018-12-21,168,157
1026,2020-08-11,2020-08-24,13,2197,2019-02-26,2018-08-12,169,363
1027,2020-01-28,2020-02-12,15,7170,2018-11-28,2018-10-07,321,254
1028,2019-03-11,2019-03-15,4,1504,2018-10-21,2018-05-28,7,317
1029,2019-06-27,2019-07-04,7,2597,2018-12-17,2018-06-12,305,109
1030,2019-11-14,2019-11-27,13,2444,2019-01-15,2018-11-12,20,335
1031,2019-02-26,2019-03-11,13,4225,2018-03-31,2018-11-26,6,160
1032,2019-02-21,2019-03-04,11,2068,2018-10-24,2018-09-02,230,335
1033,2021-02-09,2021-02-13,4,1720,2019-02-08,2018-07-22,279,157
1034,2019-08-26,2019-09-06,11,2926,2018-04-21,2018-11-30,85,388
1035,2020-01-05,2020-01-15,10,2320,2018-12-30,2018-06-04,299,291
1036,2020-12-24,2021-01-07,14,5208,2018-04-02,2018-03-10,68,229
1037,2020-05-25,2020-06-05,11,1991,2018-03-16,2018-05-18,297,313
1038,2020-04-27,2020-05-01,4,1448,2018-11-22,2018-05-25,85,386
1039,2020-11-25,2020-12-02,7,1148,2018-09-26,2018-04-26,343,385
1040,2020-01-12,2020-01-24,12,3264,2018-05-02,2018-05-19,382,400
1041,2019-04-28,2019-04-29,1,241,2018-06-27,2018-10-24,212,376
1042,2019-11-01,2019-11-04,3,909,2019-01-24,2018-08-16,94,202
1043,2020-05-17,2020-05-20,3,1305,2018-06-16,2018-08-28,271,367
1044,2020-11-22,2020-11-28,6,2262,2018-09-14,2018-10-08,333,187
1045,2019-02-12,2019-02-20,8,840,2018-12-01,2018-12-03,158,106
1046,2019-03-06,2019-03-08,2,256,2018-07-29,2018-08-29,26,123
1047,2020-07-06,2020-07-21,15,5430,2018-05-31,2018-07-29,184,386
1048,2020-02-05,2020-02-20,15,3480,2018-04-12,2018-03-31,70,291
1049,2020-05-30,2020-06-08,9,2835,2018-12-14,2018-12-22,203,365
1050,2020-04-05,2020-04-13,8,2552,2018-11-24,2018-03-11,394,156
1051,2020-02-09,2020-02-14,5,1775,2018-09-07,2018-12-09,158,259
1052,2020-01-14,2020-01-23,9,2106,2018-03-21,2018-03-15,155,393
1053,2019-04-15,2019-04-21,6,2256,2018-06-28,2019-01-14,381,269
1054,2020-07-16,2020-07-23,7,812,2019-02-22,2018-10-05,275,343
1055,2019-01-23,2019-02-05,13,4108,2018-03-24,2018-12-20,76,152
1056,2020-03-18,2020-03-30,12,2592,2018-05-14,2018-04-09,23,105
1057,2019-01-28,2019-02-11,14,6104,2018-04-30,2018-10-30,35,104
1058,2019-11-16,2019-11-17,1,372,2018-12-16,2018-12-04,304,245
1059,2020-07-17,2020-07-18,1,132,2019-01-12,2019-01-05,259,274
1060,2020-10-01,2020-10-03,2,744,2018-08-21,2018-06-22,8,229
1061,2020-05-08,2020-05-20,12,5928,2018-08-10,2019-03-06,7,238
1062,2020-06-29,2020-07-10,11,2123,2018-04-07,2019-01-27,16,147
1063,2019-08-05,2019-08-19,14,4116,2018-03-31,2018-04-27,306,381
1064,2019-04-21,2019-05-05,14,6356,2018-12-05,2018-04-02,127,355
1065,2019-03-29,2019-04-12,14,6384,2018-09-17,2018-04-10,95,189
1066,2020-07-13,2020-07-18,5,1255,2018-03-27,2018-04-25,204,297
1067,2019-04-20,2019-04-21,1,278,2018-11-20,2018-07-14,70,311
1068,2019-08-01,2019-08-03,2,528,2018-04-22,2018-11-28,37,138
1069,2020-01-26,2020-02-02,7,2618,2019-02-06,2019-01-03,99,233
1070,2020-08-14,2020-08-28,14,4690,2018-10-10,2018-05-19,173,315
1071,2020-11-18,2020-12-03,15,6510,2018-03-18,2018-04-11,73,198
1072,2019-09-24,2019-10-02,8,3336,2018-03-09,2018-06-18,28,115
1073,2020-06-06,2020-06-11,5,1250,2018-04-13,2018-10-06,35,310
1074,2021-02-28,2021-03-05,5,1120,2018-08-18,2019-01-11,344,230
1075,2019-04-21,2019-04-24,3,603,2018-07-28,2019-01-10,225,212
1076,2020-10-22,2020-11-06,15,5115,2018-05-27,2019-01-15,125,247
1077,2020-08-03,2020-08-13,10,1460,2018-07-12,2019-02-06,176,345
1078,2020-08-20,2020-08-30,10,3440,2018-04-08,2018-10-10,83,348
1079,2019-07-16,2019-07-30,14,4564,2018-03-12,2018-04-12,91,243
1080,2020-12-12,2020-12-17,5,1260,2018-06-04,2018-07-14,302,141
1081,2020-11-25,2020-11-30,5,1190,2018-12-13,2018-12-02,259,224
1082,2020-07-17,2020-07-23,6,1344,2018-05-29,2018-12-06,262,230
1083,2021-01-19,2021-01-20,1,378,2018-11-07,2019-01-15,27,188
1084,2020-01-21,2020-02-02,12,3984,2018-09-05,2018-09-22,40,150
1085,2020-08-13,2020-08-20,7,1764,2018-04-19,2018-09-26,329,135
1086,2019-08-15,2019-08-21,6,1074,2018-06-08,2018-07-14,34,210
1087,2020-08-18,2020-08-22,4,1688,2019-01-02,2019-02-07,64,208
1088,2019-12-26,2020-01-10,15,3780,2019-01-27,2018-06-15,189,141
1089,2020-05-08,2020-05-22,14,2030,2019-01-06,2018-03-12,206,389
1090,2020-05-07,2020-05-17,10,4320,2018-07-09,2019-02-06,361,281
1091,2019-08-17,2019-08-18,1,463,2018-03-20,2018-04-02,358,120
1092,2019-06-24,2019-07-07,13,1365,2018-10-16,2018-03-27,53,106
1093,2020-07-23,2020-07-29,6,2442,2018-04-04,2018-04-22,179,279
1094,2019-12-28,2020-01-12,15,2205,2018-12-10,2018-12-03,289,225
1095,2019-01-03,2019-01-08,5,1870,2019-01-07,2018-05-04,24,233
1096,2019-10-24,2019-10-31,7,721,2018-10-05,2019-01-19,273,285
1097,2019-02-08,2019-02-21,13,5720,2019-02-28,2018-12-21,246,268
1098,2019-08-31,2019-09-04,4,948,2018-05-21,2018-06-07,397,276
1099,2021-02-07,2021-02-14,7,1197,2018-12-20,2018-08-28,262,316
1100,2020-01-31,2020-02-05,5,2170,2018-08-10,2018-12-01,269,380
1101,2020-03-09,2020-03-22,13,5915,2018-10-12,2019-01-13,197,248
1102,2019-03-26,2019-04-01,6,1836,2019-01-01,2019-03-01,45,206
1103,2020-05-20,2020-05-29,9,2466,2018-04-07,2018-07-21,242,290
1104,2020-12-19,2021-01-01,13,3757,2018-09-18,2018-12-02,241,214
1105,2019-06-05,2019-06-10,5,1445,2019-02-03,2018-05-17,199,199
1106,2019-01-19,2019-01-25,6,1494,2018-04-18,2018-10-07,310,227
1107,2021-02-12,2021-02-18,6,2832,2018-07-17,2019-01-17,185,166
1108,2019-09-21,2019-09-23,2,720,2018-04-08,2019-02-16,111,239
1109,2019-06-06,2019-06-17,11,4477,2018-07-12,2018-10-13,304,279
1110,2019-09-28,2019-10-02,4,1664,2018-10-28,2018-12-18,275,193
1111,2019-04-20,2019-05-04,14,4284,2018-07-10,2018-12-27,94,206
1112,2020-02-06,2020-02-12,6,2748,2018-08-08,2019-02-06,145,398
1113,2020-07-03,2020-07-04,1,306,2018-11-01,2018-09-15,200,206
1114,2020-02-09,2020-02-19,10,3110,2018-05-09,2019-01-25,393,111
1115,2020-02-04,2020-02-12,8,2312,2018-03-29,2018-04-29,295,255
1116,2019-09-03,2019-09-09,6,1950,2019-02-01,2018-10-08,85,160
1117,2020-08-31,2020-09-13,13,3588,2018-11-10,2019-02-25,203,342
1118,2020-05-27,2020-06-11,15,3405,2018-12-26,2018-04-25,149,332
1119,2020-03-27,2020-04-01,5,1410,2018-05-15,2018-10-17,144,372
1120,2019-12-29,2019-12-31,2,870,2018-05-03,2018-04-08,87,367
1121,2019-06-12,2019-06-25,13,4680,2018-08-02,2018-07-18,134,239
1122,2020-04-02,2020-04-10,8,2192,2018-06-04,2019-01-31,373,290
1123,2021-01-01,2021-01-14,13,4095,2018-08-09,2018-12-31,60,365
1124,2020-02-08,2020-02-21,13,1521,2019-01-24,2018-07-08,9,185
1125,2021-02-25,2021-03-05,8,3888,2019-03-06,2018-03-23,381,356
1126,2020-02-29,2020-03-04,4,1176,2019-03-07,2019-02-06,19,381
1127,2021-02-10,2021-02-20,10,3940,2018-04-09,2018-03-15,137,371
1128,2020-08-16,2020-08-30,14,3808,2018-06-16,2018-05-21,313,223
1129,2020-06-19,2020-06-25,6,1890,2018-05-01,2018-06-01,170,365
1130,2020-10-20,2020-10-24,4,1088,2018-07-14,2018-04-27,341,223
1131,2019-11-21,2019-12-02,11,3465,2019-01-24,2019-01-03,171,307
1132,2019-10-11,2019-10-20,9,3150,2018-04-24,2018-03-29,205,295
1133,2019-12-09,2019-12-17,8,1384,2018-11-11,2018-10-22,228,324
1134,2020-06-10,2020-06-17,7,938,2019-01-14,2019-02-21,262,237
1135,2020-04-23,2020-04-30,7,2604,2019-01-28,2019-02-06,379,245
1136,2019-06-16,2019-06-18,2,868,2018-07-30,2018-04-25,22,294
1137,2020-10-21,2020-10-25,4,952,2018-06-09,2018-08-02,42,224
1138,2020-09-25,2020-10-03,8,1104,2018-12-30,2019-02-05,332,264
1139,2019-02-24,2019-03-11,15,5655,2018-06-07,2018-03-23,201,187
1140,2019-08-31,2019-09-11,11,1419,2018-09-19,2018-07-14,115,266
1141,2020-09-02,2020-09-07,5,1470,2019-01-09,2018-12-26,268,273
1142,2020-11-06,2020-11-14,8,1856,2018-05-08,2019-02-08,114,291
1143,2020-06-03,2020-06-15,12,5280,2018-05-03,2018-08-29,165,268
1144,2021-01-31,2021-02-09,9,1521,2018-09-16,2018-04-23,398,363
1145,2021-01-13,2021-01-18,5,2200,2018-12-17,2019-02-27,48,268
1146,2020-05-22,2020-06-02,11,1342,2018-04-14,2018-03-21,273,392
1147,2019-10-18,2019-11-02,15,3750,2018-09-08,2018-09-30,367,310
1148,2020-08-14,2020-08-29,15,7260,2018-07-01,2019-03-05,41,164
1149,2019-12-09,2019-12-16,7,2464,2018-12-09,2018-03-11,49,346
1150,2019-01-07,2019-01-22,15,3555,2019-02-24,2018-10-27,263,276
1151,2019-10-23,2019-11-04,12,4488,2019-01-21,2019-02-28,79,233
1152,2019-02-15,2019-02-23,8,880,2018-04-17,2018-11-26,85,129
1153,2019-05-03,2019-05-11,8,3272,2018-06-22,2018-12-26,58,173
1154,2020-02-26,2020-03-06,9,4221,2018-07-20,2018-12-20,256,357
1155,2020-03-06,2020-03-19,13,2730,2018-09-23,2018-12-23,54,172
1156,2019-09-30,2019-10-08,8,1528,2018-11-16,2018-06-13,327,246
1157,2020-12-17,2020-12-30,13,3939,2019-01-28,2018-09-05,63,127
1158,2019-07-21,2019-07-24,3,1113,2018-12-09,2018-04-08,320,272
1159,2019-09-07,2019-09-15,8,3424,2018-10-03,2018-05-18,262,323
1160,2020-11-20,2020-11-25,5,2060,2019-03-07,2018-10-25,240,394
1161,2020-11-25,2020-12-04,9,3915,2018-12-29,2018-09-25,309,367
1162,2019-07-14,2019-07-22,8,3584,2018-06-24,2018-11-08,67,125
1163,2019-11-28,2019-12-02,4,1048,2019-01-29,2018-08-17,214,108
1164,2020-09-17,2020-09-21,4,1700,2018-03-19,2019-03-04,82,169
1165,2019-10-09,2019-10-23,14,5348,2018-11-15,2018-05-11,298,158
1166,2020-01-17,2020-01-21,4,1128,2018-04-04,2018-06-25,50,372
1167,2019-10-08,2019-10-12,4,964,2018-09-06,2018-11-27,23,190
1168,2019-11-10,2019-11-22,12,3144,2018-05-01,2018-08-14,241,108
1169,2020-05-20,2020-05-28,8,3752,2018-11-11,2018-04-29,271,350
1170,2019-08-04,2019-08-17,13,3757,2018-06-13,2019-01-18,391,199
1171,2020-08-20,2020-08-22,2,244,2018-12-27,2018-06-24,177,392
1172,2019-08-23,2019-09-06,14,1932,2019-02-27,2018-12-17,75,264
1173,2020-03-19,2020-03-20,1,450,2019-02-18,2019-01-09,45,379
1174,2020-04-04,2020-04-17,13,3757,2018-08-30,2018-12-04,53,214
1175,2019-01-01,2019-01-16,15,2865,2018-12-23,2018-05-29,261,246
1176,2020-11-07,2020-11-18,11,5005,2018-09-01,2018-06-01,270,258
1177,2019-01-18,2019-01-31,13,6019,2018-03-31,2018-08-12,247,120
1178,2020-02-03,2020-02-06,3,945,2018-05-13,2019-02-22,211,365
1179,2019-08-08,2019-08-19,11,2761,2018-11-02,2018-12-13,148,213
1180,2019-05-10,2019-05-21,11,5093,2018-04-22,2019-01-10,69,120
1181,2019-02-02,2019-02-10,8,1816,2018-07-14,2018-05-24,132,332
1182,2021-03-03,2021-03-10,7,1904,2018-03-18,2018-11-13,120,400
1183,2020-06-23,2020-06-26,3,417,2018-10-10,2018-03-25,278,391
1184,2020-09-05,2020-09-10,5,2110,2019-02-11,2018-09-12,380,110
1185,2019-07-30,2019-08-04,5,1285,2018-12-04,2018-07-25,56,354
1186,2019-02-21,2019-02-26,5,2310,2018-04-24,2018-03-19,7,183
1187,2021-03-01,2021-03-08,7,980,2018-08-12,2019-03-03,28,370
1188,2019-05-24,2019-05-29,5,1575,2018-07-09,2018-09-04,321,308
1189,2020-07-07,2020-07-14,7,2058,2018-08-31,2019-01-08,100,381
1190,2020-05-17,2020-06-01,15,2820,2018-03-28,2018-08-10,1,335
1191,2020-01-10,2020-01-20,10,4250,2018-06-10,2019-02-25,113,338
1192,2020-10-18,2020-10-22,4,980,2018-12-01,2018-04-16,241,149
1193,2019-08-06,2019-08-18,12,1680,2018-11-26,2018-06-24,396,370
1194,2019-11-22,2019-12-04,12,3588,2019-02-06,2018-12-07,389,358
1195,2019-01-08,2019-01-09,1,388,2019-01-31,2018-09-23,229,318
1196,2019-08-12,2019-08-13,1,173,2018-08-11,2018-10-23,353,324
1197,2020-05-22,2020-05-26,4,668,2019-02-11,2019-01-15,159,134
1198,2019-05-28,2019-06-11,14,3136,2018-11-06,2018-03-18,46,230
1199,2019-06-03,2019-06-16,13,1794,2018-08-28,2018-05-10,290,264
1200,2020-05-16,2020-05-27,11,1793,2018-08-26,2019-02-10,12,263
1201,2020-12-23,2020-12-25,2,368,2018-03-17,2018-05-03,255,240
1202,2020-08-20,2020-08-30,10,4850,2019-03-03,2018-06-27,174,205
1203,2019-07-21,2019-07-23,2,348,2019-03-04,2018-03-15,42,260
1204,2021-01-03,2021-01-05,2,368,2018-11-21,2019-02-13,26,240
1205,2020-04-08,2020-04-22,14,6972,2018-08-27,2018-07-25,318,257
1206,2019-09-25,2019-10-08,13,4316,2019-01-13,2018-08-22,33,211
1207,2019-07-16,2019-07-22,6,2406,2018-07-23,2018-06-13,193,197
1208,2020-02-17,2020-02-27,10,2920,2018-03-13,2019-02-26,360,142
1209,2021-02-25,2021-03-08,11,5115,2019-03-03,2018-06-12,326,151
1210,2019-05-30,2019-06-10,11,2167,2018-08-31,2018-06-28,138,251
1211,2019-02-15,2019-02-20,5,1775,2018-10-12,2018-10-21,124,259
1212,2019-06-03,2019-06-18,15,2775,2019-02-27,2018-07-01,241,126
1213,2019-05-10,2019-05-21,11,1133,2018-11-06,2018-03-26,140,285
1214,2019-01-08,2019-01-18,10,1180,2018-08-17,2018-03-20,97,140
1215,2019-08-17,2019-08-20,3,342,2018-05-10,2018-09-30,35,143
1216,2020-08-12,2020-08-22,10,3760,2018-11-10,2018-08-19,362,269
1217,2020-03-27,2020-03-29,2,864,2018-05-01,2018-11-18,36,281
1218,2019-11-11,2019-11-16,5,2425,2018-09-15,2018-12-26,300,205
1219,2021-02-14,2021-02-16,2,578,2018-05-30,2018-10-09,170,214
1220,2020-10-05,2020-10-18,13,4888,2018-06-23,2018-05-18,232,269
1221,2020-04-29,2020-05-12,13,2613,2018-04-01,2018-10-25,200,212
1222,2020-09-01,2020-09-14,13,5668,2019-01-25,2019-01-18,62,104
1223,2020-12-11,2020-12-23,12,4728,2018-06-01,2018-11-12,271,371
1224,2020-05-29,2020-06-05,7,1120,2018-07-06,2018-06-01,197,244
1225,2020-12-10,2020-12-21,11,3355,2018-03-26,2018-05-12,269,277
1226,2019-09-26,2019-09-27,1,236,2018-11-17,2018-07-30,205,196
1227,2020-11-07,2020-11-19,12,3900,2018-04-30,2018-12-21,100,160
1228,2020-10-14,2020-10-23,9,4473,2018-03-16,2018-09-09,42,242
1229,2021-01-17,2021-01-20,3,591,2018-09-22,2018-12-28,294,251
1230,2020-12-10,2020-12-17,7,1302,2018-04-29,2018-09-30,111,339
1231,2020-01-13,2020-01-18,5,735,2018-08-09,2019-02-08,173,265
1232,2020-07-20,2020-07-24,4,960,2019-01-15,2018-05-01,260,180
1233,2019-03-20,2019-04-04,15,3615,2019-02-25,2018-06-11,43,190
1234,2020-06-09,2020-06-16,7,3304,2018-11-19,2018-04-11,188,166
1235,2020-05-27,2020-06-08,12,2808,2018-04-02,2018-10-26,282,393
1236,2019-11-08,2019-11-20,12,5832,2019-03-05,2018-07-22,2,329
1237,2019-10-21,2019-11-02,12,4344,2018-06-17,2018-07-23,141,386
1238,2020-03-16,2020-03-23,7,3150,2019-01-03,2018-11-04,372,379
1239,2019-06-07,2019-06-15,8,2288,2018-11-12,2019-01-29,86,136
1240,2019-10-09,2019-10-22,13,3250,2018-10-28,2018-09-02,69,310
1241,2019-08-20,2019-08-22,2,926,2018-03-21,2018-09-18,36,120
1242,2020-09-20,2020-09-28,8,1864,2019-02-12,2018-08-26,37,296
1243,2019-12-03,2019-12-13,10,1220,2018-07-25,2019-01-24,400,392
1244,2019-09-15,2019-09-21,6,1734,2018-06-05,2018-09-14,49,199
1245,2020-11-19,2020-11-27,8,2600,2018-06-25,2018-12-15,118,160
1246,2019-03-08,2019-03-11,3,1485,2018-07-09,2018-05-07,154,175
1247,2020-09-02,2020-09-05,3,537,2018-10-11,2018-10-03,308,103
1248,2020-01-07,2020-01-16,9,2898,2019-02-26,2018-03-15,195,305
1249,2019-06-07,2019-06-13,6,1602,2018-12-02,2018-12-29,313,293
1250,2019-08-01,2019-08-13,12,4392,2018-06-17,2018-05-31,163,101
1251,2020-09-24,2020-10-06,12,4608,2018-10-05,2018-03-14,267,200
1252,2020-01-12,2020-01-15,3,756,2018-03-13,2018-07-11,258,135
1253,2020-09-20,2020-09-30,10,4270,2018-12-29,2018-05-05,162,399
1254,2019-04-11,2019-04-17,6,2604,2018-09-12,2018-12-17,221,198
1255,2020-02-19,2020-03-02,12,1368,2018-09-15,2018-06-12,400,143
1256,2019-09-19,2019-09-28,9,1251,2018-12-04,2018-07-22,260,289
1257,2019-11-01,2019-11-16,15,6180,2018-08-21,2018-06-05,95,394
1258,2019-05-21,2019-05-25,4,876,2019-01-17,2018-06-29,88,349
1259,2019-05-05,2019-05-06,1,184,2018-05-19,2019-02-01,316,240
1260,2019-11-23,2019-11-29,6,2532,2018-06-29,2019-01-14,385,208
1261,2021-02-25,2021-03-10,13,2769,2018-03-30,2018-08-28,198,179
1262,2020-07-02,2020-07-06,4,1096,2018-07-27,2019-02-03,284,290
1263,2019-03-16,2019-03-20,4,1936,2018-08-15,2018-06-28,199,165
1264,2019-05-27,2019-06-09,13,1742,2018-08-29,2018-10-02,210,237
1265,2020-03-13,2020-03-21,8,2128,2018-11-10,2018-04-29,81,250
1266,2020-06-05,2020-06-20,15,4290,2018-10-02,2018-08-29,227,136
1267,2019-05-17,2019-05-18,1,143,2018-04-15,2018-06-03,253,280
1268,2019-10-12,2019-10-23,11,3685,2018-08-06,2018-06-27,323,315
1269,2020-11-12,2020-11-24,12,1680,2018-10-17,2018-09-25,317,370
1270,2020-07-19,2020-07-31,12,4512,2018-03-29,2018-07-15,280,317
1271,2020-07-11,2020-07-21,10,4340,2018-07-01,2018-10-03,128,198
1272,2020-03-19,2020-03-26,7,1442,2018-07-23,2019-01-29,308,304
1273,2020-07-17,2020-07-19,2,938,2018-12-26,2018-12-04,346,350
1274,2020-03-27,2020-04-01,5,865,2019-01-06,2018-05-14,356,287
1275,2020-06-16,2020-06-28,12,4260,2018-04-27,2018-09-23,16,259
1276,2020-02-12,2020-02-15,3,1122,2018-11-22,2018-09-08,157,233
1277,2019-11-25,2019-11-28,3,1053,2019-01-06,2018-10-27,84,271
1278,2020-11-11,2020-11-12,1,398,2019-01-19,2019-01-16,85,117
1279,2020-03-23,2020-04-02,10,3150,2018-04-17,2019-02-24,79,365
1280,2019-07-23,2019-07-30,7,896,2018-06-15,2018-08-08,348,123
1281,2020-02-14,2020-02-27,13,5187,2018-10-03,2018-09-23,356,270
1282,2020-12-01,2020-12-16,15,5610,2018-04-27,2018-12-29,331,233
1283,2020-11-24,2020-11-25,1,386,2018-09-06,2018-09-17,337,382
1284,2020-05-27,2020-06-05,9,2196,2018-06-05,2018-04-10,316,377
1285,2019-04-02,2019-04-04,2,504,2018-11-13,2018-08-22,363,141
1286,2020-11-04,2020-11-11,7,3150,2018-08-12,2018-07-06,265,379
1287,2020-05-21,2020-05-27,6,1656,2018-10-16,2019-02-14,98,342
1288,2020-10-02,2020-10-03,1,352,2018-07-09,2018-10-14,256,346
1289,2020-09-09,2020-09-16,7,1337,2018-03-10,2018-05-21,16,246
1290,2019-03-09,2019-03-12,3,945,2018-12-08,2018-05-07,238,307
1291,2019-04-21,2019-04-25,4,1944,2018-11-05,2019-01-15,55,321
1292,2020-11-20,2020-12-04,14,3864,2019-02-19,2018-05-31,83,342
1293,2019-05-18,2019-05-25,7,3052,2019-02-23,2018-11-11,359,104
1294,2020-05-26,2020-05-28,2,626,2018-07-04,2018-11-22,136,340
1295,2020-07-09,2020-07-21,12,5460,2018-08-09,2019-02-03,53,248
1296,2019-12-06,2019-12-19,13,6292,2018-07-21,2018-09-21,1,164
1297,2019-09-27,2019-10-03,6,2076,2019-01-28,2018-12-31,301,362
1298,2019-02-25,2019-03-08,11,4983,2018-09-15,2018-05-08,129,302
1299,2019-02-19,2019-03-05,14,3766,2018-06-12,2018-03-23,354,330
1300,2019-04-22,2019-04-24,2,704,2018-07-12,2018-10-02,159,346
1301,2019-07-03,2019-07-10,7,924,2018-05-27,2018-12-21,259,274
1302,2019-08-15,2019-08-27,12,5976,2018-05-31,2018-06-19,219,257
1303,2019-07-17,2019-07-25,8,1896,2019-03-02,2018-06-27,192,276
1304,2021-02-01,2021-02-08,7,3339,2018-10-09,2018-09-15,44,132
1305,2020-02-07,2020-02-11,4,1940,2018-09-23,2018-12-25,348,351
1306,2021-01-24,2021-02-05,12,4920,2019-01-01,2018-08-11,22,204
1307,2020-06-12,2020-06-25,13,2327,2018-06-01,2019-02-13,94,210
1308,2020-01-30,2020-02-13,14,6510,2018-08-13,2018-03-21,212,151
1309,2020-10-23,2020-10-28,5,1470,2018-08-10,2018-12-26,373,381
1310,2020-06-05,2020-06-15,10,4990,2019-01-07,2018-06-05,259,299
1311,2019-07-27,2019-08-05,9,2898,2018-04-08,2018-08-06,169,305
1312,2020-12-03,2020-12-11,8,912,2018-08-13,2018-07-09,88,143
1313,2020-06-14,2020-06-19,5,2275,2018-06-15,2018-05-09,78,258
1314,2020-12-19,2020-12-24,5,515,2018-03-10,2018-03-10,167,285
1315,2020-01-26,2020-02-03,8,1840,2018-08-15,2018-05-23,108,292
1316,2020-05-31,2020-06-15,15,6615,2018-06-24,2018-12-23,119,253
1317,2020-02-01,2020-02-07,6,960,2018-04-29,2018-05-24,198,112
1318,2019-03-21,2019-03-22,1,167,2018-08-02,2019-01-11,176,134
1319,2020-07-25,2020-08-01,7,1043,2019-01-04,2018-12-02,214,288
1320,2020-01-24,2020-02-06,13,3952,2018-05-21,2019-01-20,245,306
1321,2020-04-22,2020-04-26,4,864,2019-02-23,2019-01-30,117,105
1322,2020-01-23,2020-02-02,10,4360,2018-05-20,2019-01-26,8,104
1323,2019-03-26,2019-04-05,10,3970,2019-01-12,2018-10-27,334,102
1324,2021-03-04,2021-03-08,4,676,2019-01-04,2018-05-08,119,363
1325,2019-07-12,2019-07-13,1,311,2019-02-18,2019-01-31,9,353
1326,2019-08-10,2019-08-19,9,4293,2018-09-02,2018-07-22,271,132
1327,2019-04-29,2019-05-05,6,2328,2019-01-28,2019-02-02,304,318
1328,2020-06-12,2020-06-21,9,2097,2018-06-07,2018-06-19,38,296
1329,2019-10-29,2019-10-30,1,322,2019-01-31,2018-06-14,303,203
1330,2020-04-02,2020-04-04,2,224,2018-12-12,2018-06-18,221,201
1331,2020-11-17,2020-11-22,5,2240,2018-04-23,2018-09-28,294,125
1332,2019-05-17,2019-05-18,1,160,2019-02-08,2018-12-21,342,112
1333,2019-06-14,2019-06-29,15,2445,2018-06-08,2018-09-07,35,263
1334,2019-08-25,2019-09-04,10,3110,2019-02-27,2018-09-01,249,353
1335,2020-06-22,2020-07-06,14,4872,2018-09-14,2018-08-01,101,232
1336,2019-10-04,2019-10-11,7,2023,2019-03-04,2018-07-30,113,177
1337,2020-01-29,2020-02-05,7,2709,2018-04-28,2018-04-15,327,378
1338,2019-10-05,2019-10-14,9,2646,2018-12-08,2018-06-18,119,273
1339,2021-01-23,2021-01-29,6,1158,2018-05-25,2018-07-31,126,390
1340,2020-03-28,2020-04-04,7,1904,2018-06-26,2018-07-24,388,220
1341,2021-02-19,2021-03-05,14,4508,2018-10-12,2018-08-15,309,305
1342,2020-05-07,2020-05-15,8,3832,2019-03-07,2018-11-29,72,184
1343,2020-11-03,2020-11-16,13,3029,2019-02-27,2019-02-13,42,296
1344,2019-07-08,2019-07-13,5,1755,2019-02-28,2018-11-22,152,271
1345,2020-05-17,2020-05-25,8,3992,2018-10-02,2018-04-11,315,299
1346,2020-05-29,2020-06-10,12,2172,2018-07-08,2018-11-09,54,168
1347,2020-12-28,2021-01-08,11,1958,2018-07-14,2019-02-20,135,171
1348,2019-02-04,2019-02-15,11,3190,2018-08-14,2019-02-04,36,333
1349,2020-03-25,2020-04-01,7,2121,2018-09-06,2018-12-07,122,202
1350,2019-07-19,2019-07-30,11,1573,2019-02-08,2018-11-01,351,280
1351,2020-10-14,2020-10-16,2,376,2018-07-07,2018-04-19,371,335
1352,2020-02-28,2020-03-03,4,1448,2018-06-05,2019-02-16,92,386
1353,2019-02-24,2019-03-05,9,2502,2018-10-25,2019-01-22,337,311
1354,2020-02-18,2020-03-03,14,3304,2018-05-20,2018-10-22,304,395
1355,2020-05-23,2020-05-25,2,482,2019-01-14,2018-10-13,287,376
1356,2019-11-22,2019-12-03,11,1661,2019-02-08,2018-04-27,220,334
1357,2020-08-03,2020-08-18,15,4380,2018-04-30,2018-03-10,307,142
1358,2019-01-18,2019-01-26,8,2976,2018-09-26,2018-03-20,385,245
1359,2020-08-23,2020-08-31,8,1432,2018-12-19,2018-10-30,30,103
1360,2020-01-30,2020-02-02,3,579,2018-04-10,2018-03-22,45,147
1361,2020-12-25,2020-12-31,6,2100,2018-08-07,2019-01-29,256,295
1362,2020-05-03,2020-05-14,11,4048,2018-07-21,2018-07-19,211,373
1363,2019-06-09,2019-06-11,2,360,2018-05-01,2018-12-17,240,107
1364,2019-09-26,2019-10-09,13,1794,2018-12-23,2019-02-02,20,264
1365,2020-02-22,2020-03-04,11,3168,2018-07-22,2018-06-04,254,368
1366,2021-02-21,2021-03-05,12,2892,2019-01-25,2018-09-19,233,190
1367,2020-06-16,2020-06-20,4,900,2018-07-16,2018-11-12,214,216
1368,2020-09-24,2020-09-27,3,504,2019-03-07,2018-04-20,134,325
1369,2020-02-28,2020-03-12,13,2080,2019-02-18,2018-07-12,192,244
1370,2021-02-10,2021-02-14,4,412,2019-02-15,2018-04-30,269,285
1371,2021-01-29,2021-02-12,14,2408,2018-06-02,2018-05-20,200,114
1372,2020-08-22,2020-09-02,11,1617,2018-06-08,2018-09-15,348,225
1373,2019-11-10,2019-11-21,11,3465,2018-09-27,2019-01-03,45,365
1374,2020-01-02,2020-01-16,14,4970,2018-05-30,2018-06-14,236,139
1375,2020-06-22,2020-07-02,10,3350,2018-09-06,2018-03-11,154,315
1376,2020-05-06,2020-05-13,7,1757,2018-10-12,2018-09-20,354,297
1377,2019-12-08,2019-12-17,9,4329,2018-07-11,2018-03-29,31,298
1378,2021-01-25,2021-02-09,15,7275,2018-12-21,2018-05-27,309,205
1379,2019-05-15,2019-05-20,5,615,2018-09-20,2018-09-20,152,192
1380,2020-11-19,2020-11-29,10,2890,2018-06-07,2018-04-14,43,199
1381,2020-01-26,2020-02-05,10,4860,2018-04-22,2018-09-03,357,356
1382,2019-01-06,2019-01-07,1,289,2018-10-20,2018-09-05,64,177
1383,2019-05-27,2019-06-08,12,1752,2018-09-01,2018-03-21,357,345
1384,2021-02-18,2021-02-20,2,474,2019-01-09,2018-03-16,364,276
1385,2020-04-17,2020-04-24,7,1610,2018-12-04,2019-01-07,11,344
1386,2020-05-20,2020-05-22,2,524,2018-10-20,2018-05-20,326,108
1387,2019-09-28,2019-10-07,9,2736,2018-05-26,2018-10-20,369,306
1388,2019-07-28,2019-07-31,3,1443,2018-10-20,2018-06-22,398,298
1389,2020-10-02,2020-10-05,3,978,2018-05-12,2019-02-24,379,243
1390,2019-08-16,2019-08-21,5,1470,2019-03-06,2018-07-13,339,273
1391,2020-06-14,2020-06-22,8,2440,2019-03-05,2018-10-09,52,277
1392,2019-11-20,2019-11-25,5,1575,2018-04-27,2018-12-14,43,307
1393,2020-02-16,2020-02-22,6,2292,2019-02-18,2018-09-20,377,158
1394,2020-07-30,2020-08-12,13,4966,2019-01-21,2018-09-24,279,158
1395,2019-09-17,2019-09-19,2,694,2018-07-05,2018-06-02,385,118
1396,2019-02-05,2019-02-13,8,1336,2018-05-08,2018-03-20,26,134
1397,2020-06-28,2020-07-05,7,3080,2018-04-30,2018-06-13,130,268
1398,2020-05-30,2020-06-05,6,2496,2019-02-20,2018-06-03,225,193
1399,2020-09-27,2020-09-28,1,276,2018-08-03,2018-10-04,272,342
1400,2020-04-05,2020-04-18,13,1664,2018-05-15,2018-03-24,262,123
1401,2019-07-10,2019-07-13,3,756,2018-05-10,2018-05-29,280,135
1402,2019-05-27,2019-05-28,1,440,2018-03-25,2018-10-29,231,268
1403,2020-09-27,2020-09-29,2,488,2018-12-10,2018-12-03,111,377
1404,2019-08-11,2019-08-14,3,366,2018-03-13,2018-05-02,350,392
1405,2019-07-01,2019-07-03,2,250,2018-09-07,2018-06-25,41,222
1406,2019-05-20,2019-05-21,1,191,2018-10-10,2019-03-06,304,246
1407,2021-01-02,2021-01-11,9,3591,2018-09-09,2018-10-21,199,270
1408,2020-10-28,2020-11-05,8,2256,2018-11-09,2018-07-10,232,372
1409,2019-01-01,2019-01-15,14,1988,2018-07-17,2019-01-27,218,384
1410,2020-07-19,2020-07-29,10,3210,2018-09-15,2018-06-22,303,256
1411,2019-12-16,2019-12-30,14,4410,2018-10-07,2018-07-18,299,365
1412,2019-05-08,2019-05-19,11,1419,2019-02-20,2018-12-31,379,266
1413,2019-03-08,2019-03-10,2,968,2018-05-18,2018-09-13,378,165
1414,2019-08-24,2019-08-27,3,996,2018-12-15,2018-06-08,345,150
1415,2020-05-21,2020-05-26,5,2490,2018-04-25,2019-02-15,142,336
1416,2019-01-23,2019-01-24,1,230,2018-04-17,2018-04-11,223,344
1417,2020-01-22,2020-01-27,5,1265,2018-05-08,2018-07-21,170,121
1418,2019-08-29,2019-09-06,8,1072,2018-08-01,2018-09-22,298,237
1419,2019-05-20,2019-05-31,11,3355,2018-06-06,2018-07-26,254,277
1420,2020-10-25,2020-11-08,14,1946,2018-08-27,2018-12-02,47,391
1421,2019-09-10,2019-09-18,8,2808,2018-07-02,2018-08-09,189,271
1422,2019-07-29,2019-08-12,14,5824,2018-06-12,2018-04-06,148,301
1423,2021-01-02,2021-01-08,6,1656,2018-12-10,2019-01-06,329,342
1424,2020-05-22,2020-05-25,3,384,2018-12-09,2018-08-07,131,123
1425,2020-12-04,2020-12-06,2,286,2018-07-07,2019-03-05,133,280
1426,2019-07-10,2019-07-13,3,1275,2018-05-22,2019-01-10,350,312
1427,2021-01-17,2021-01-29,12,1476,2018-09-20,2018-06-02,372,192
1428,2019-03-06,2019-03-07,1,412,2018-03-08,2018-05-17,300,394
1429,2019-09-15,2019-09-17,2,576,2018-12-25,2019-02-23,171,375
1430,2020-08-02,2020-08-03,1,261,2019-01-04,2018-09-26,218,360
1431,2020-11-19,2020-11-30,11,3278,2018-11-07,2018-11-07,357,249
1432,2020-01-12,2020-01-23,11,4851,2018-11-09,2018-04-27,283,253
1433,2020-08-23,2020-09-03,11,4345,2019-02-14,2018-04-06,247,217
1434,2019-06-13,2019-06-15,2,896,2018-10-02,2018-10-24,32,125
1435,2019-07-24,2019-08-04,11,4114,2018-05-09,2018-10-01,239,233
1436,2020-04-28,2020-05-10,12,3468,2019-03-07,2019-03-02,302,255
1437,2019-08-24,2019-09-04,11,4048,2018-06-20,2018-03-25,290,373
1438,2019-04-23,2019-04-24,1,181,2018-09-18,2019-01-01,212,168
1439,2019-04-03,2019-04-10,7,2030,2019-01-07,2018-12-16,145,333
1440,2021-02-02,2021-02-05,3,759,2018-04-21,2018-06-27,293,121
1441,2019-08-29,2019-09-11,13,1443,2018-11-20,2018-12-09,169,359
1442,2020-03-11,2020-03-13,2,460,2018-04-19,2018-11-12,47,344
1443,2020-08-07,2020-08-10,3,393,2019-01-30,2018-07-03,52,236
1444,2021-02-16,2021-02-19,3,537,2018-11-30,2018-07-20,205,122
1445,2019-07-21,2019-08-02,12,3984,2018-10-11,2018-10-07,209,150
1446,2019-09-21,2019-10-06,15,5490,2018-04-15,2018-12-28,176,101
1447,2019-04-14,2019-04-19,5,1580,2018-06-25,2018-07-10,32,152
1448,2020-04-10,2020-04-24,14,4270,2019-02-25,2018-04-15,108,277
1449,2019-07-09,2019-07-11,2,286,2019-02-15,2018-03-26,242,280
1450,2019-04-05,2019-04-08,3,1032,2018-11-08,2018-09-23,319,348
1451,2019-04-01,2019-04-08,7,1904,2018-05-09,2018-08-27,170,220
1452,2019-09-28,2019-10-08,10,3130,2019-02-18,2019-02-28,264,340
1453,2020-12-01,2020-12-02,1,131,2018-07-29,2018-03-19,131,236
1454,2020-01-01,2020-01-04,3,1458,2018-05-10,2018-06-08,253,329
1455,2020-05-30,2020-06-03,4,836,2018-07-16,2018-05-17,179,218
1456,2019-11-01,2019-11-13,12,5928,2018-12-02,2018-06-25,192,238
1457,2019-12-30,2020-01-03,4,1152,2018-04-14,2018-12-12,102,375
1458,2020-10-07,2020-10-18,11,3586,2018-03-24,2019-02-13,102,243
1459,2020-10-05,2020-10-16,11,4136,2018-12-07,2018-06-02,388,269
1460,2021-01-15,2021-01-24,9,3132,2018-10-18,2018-11-17,97,232
1461,2020-02-10,2020-02-25,15,4335,2018-12-01,2019-01-03,183,255
1462,2019-03-06,2019-03-13,7,2975,2018-05-14,2018-07-20,282,312
1463,2019-03-09,2019-03-21,12,2772,2018-12-03,2019-03-06,297,186
1464,2019-11-07,2019-11-16,9,1251,2018-05-30,2018-12-07,3,391
1465,2019-04-07,2019-04-08,1,251,2018-10-18,2018-08-16,10,297
1466,2019-06-19,2019-06-22,3,375,2018-12-19,2019-01-16,276,222
1467,2020-04-02,2020-04-04,2,820,2018-04-09,2018-11-06,262,204
1468,2019-11-26,2019-12-03,7,1918,2018-06-11,2018-06-14,92,215
1469,2020-09-23,2020-09-29,6,2874,2018-04-20,2019-02-21,237,184
1470,2019-12-04,2019-12-18,14,6706,2019-02-19,2018-04-05,139,184
1471,2019-09-14,2019-09-19,5,2135,2018-03-14,2018-06-19,378,399
1472,2019-07-10,2019-07-22,12,4176,2019-02-15,2018-11-20,265,232
1473,2020-12-18,2020-12-27,9,3384,2018-09-08,2018-09-22,13,269
1474,2019-06-30,2019-07-09,9,2466,2018-06-10,2018-04-27,64,215
1475,2020-02-08,2020-02-21,13,6136,2018-11-08,2018-12-15,235,166
1476,2021-01-08,2021-01-11,3,918,2018-08-06,2019-01-09,148,206
1477,2020-07-27,2020-08-01,5,1935,2019-02-12,2019-01-08,21,378
1478,2021-01-03,2021-01-15,12,3900,2018-07-04,2018-06-22,125,160
1479,2019-07-26,2019-08-02,7,1631,2018-08-05,2018-07-04,28,296
1480,2020-07-02,2020-07-17,15,6240,2018-03-24,2018-09-17,344,193
1481,2019-04-14,2019-04-22,8,1848,2018-03-28,2018-03-11,292,327
1482,2019-07-28,2019-08-06,9,3402,2018-10-18,2018-04-18,253,188
1483,2020-08-11,2020-08-26,15,2895,2018-11-01,2019-01-05,114,147
1484,2019-08-26,2019-08-27,1,203,2018-06-07,2018-11-29,44,146
1485,2020-05-14,2020-05-21,7,1141,2018-12-22,2018-04-25,128,314
1486,2019-02-26,2019-03-03,5,1215,2019-01-08,2018-12-05,4,148
1487,2020-10-26,2020-10-31,5,1065,2018-09-04,2019-02-03,271,328
1488,2020-10-25,2020-11-09,15,2010,2018-10-08,2019-01-15,47,237
1489,2020-08-27,2020-09-03,7,2254,2019-02-23,2019-01-06,298,305
1490,2020-06-15,2020-06-21,6,1818,2018-08-11,2018-05-04,320,202
1491,2019-09-04,2019-09-06,2,788,2018-07-31,2018-07-31,162,371
1492,2021-02-01,2021-02-09,8,2312,2018-04-12,2018-07-21,395,199
1493,2020-03-26,2020-04-06,11,5346,2018-10-02,2019-01-28,201,329
1494,2019-08-02,2019-08-04,2,576,2018-10-14,2018-08-03,139,368
1495,2019-10-15,2019-10-23,8,1896,2018-09-30,2018-05-15,30,276
1496,2019-12-29,2020-01-09,11,3850,2018-03-16,2018-08-22,297,283
1497,2019-05-31,2019-06-06,6,2226,2018-07-18,2018-04-10,203,272
1498,2021-02-03,2021-02-16,13,1625,2018-10-13,2018-04-27,378,222
1499,2020-09-11,2020-09-26,15,3450,2019-01-13,2018-04-27,79,344
1500,2019-03-08,2019-03-12,4,1004,2018-07-21,2018-11-17,384,297
1501,2019-09-24,2019-09-28,4,840,2019-02-12,2019-02-07,267,172
1502,2019-04-20,2019-05-05,15,5070,2018-10-13,2018-03-18,299,347
1503,2019-12-21,2020-01-01,11,4224,2018-12-27,2019-01-17,209,331
1504,2019-10-16,2019-10-20,4,1772,2018-05-25,2018-06-15,19,309
1505,2019-07-19,2019-07-23,4,1812,2019-01-18,2018-07-10,325,302
1506,2019-11-12,2019-11-24,12,4584,2019-02-07,2018-08-19,309,158
1507,2021-03-04,2021-03-12,8,1208,2018-12-26,2018-08-25,108,334
1508,2019-03-31,2019-04-09,9,1521,2018-11-17,2019-01-01,92,363
1509,2021-01-26,2021-02-08,13,6019,2018-11-27,2019-02-05,67,366
1510,2020-07-14,2020-07-29,15,3225,2018-09-06,2019-02-12,49,191
1511,2020-04-01,2020-04-06,5,1605,2018-07-25,2018-12-20,172,256
1512,2019-09-26,2019-10-08,12,4524,2018-09-29,2018-12-08,163,187
1513,2020-12-20,2020-12-25,5,1920,2018-05-19,2018-03-23,47,331
1514,2019-08-17,2019-08-24,7,3395,2018-12-30,2018-06-27,79,205
1515,2019-04-23,2019-04-29,6,2994,2018-05-08,2018-10-19,318,167
1516,2020-11-20,2020-11-21,1,247,2018-09-14,2018-11-16,194,144
1517,2019-02-08,2019-02-11,3,1173,2018-10-07,2018-04-04,4,228
1518,2020-02-27,2020-03-12,14,2492,2018-11-16,2018-07-17,27,171
1519,2019-10-17,2019-10-29,12,5832,2018-03-13,2018-11-23,112,321
1520,2019-05-07,2019-05-10,3,750,2018-09-11,2019-02-08,327,310
1521,2019-06-13,2019-06-23,10,3860,2018-12-10,2018-08-22,4,382
1522,2019-09-01,2019-09-11,10,3820,2019-01-06,2018-08-23,250,158
1523,2021-01-23,2021-02-01,9,2205,2019-02-27,2018-12-22,319,149
1524,2020-11-21,2020-11-28,7,826,2018-04-16,2019-01-09,374,140
1525,2020-05-16,2020-05-30,14,5334,2018-07-10,2019-01-25,340,322
1526,2019-07-27,2019-08-01,5,1135,2018-03-19,2019-01-05,389,133
1527,2019-10-11,2019-10-21,10,4010,2019-02-15,2018-06-29,251,197
1528,2020-01-06,2020-01-08,2,630,2019-01-20,2018-05-19,166,308
1529,2020-10-03,2020-10-17,14,6272,2018-12-25,2019-01-19,228,125
1530,2020-12-02,2020-12-10,8,3208,2019-01-17,2018-06-02,188,197
1531,2019-04-09,2019-04-10,1,485,2018-09-11,2018-10-26,366,205
1532,2019-10-21,2019-11-04,14,5516,2018-11-08,2018-06-14,179,371
1533,2020-08-11,2020-08-18,7,3402,2019-01-01,2019-01-18,73,161
1534,2021-01-15,2021-01-30,15,6750,2018-08-17,2018-08-18,136,379
1535,2019-03-08,2019-03-22,14,4900,2019-01-05,2018-11-01,258,295
1536,2019-08-25,2019-09-05,11,1595,2018-05-27,2018-10-25,256,116
1537,2020-10-13,2020-10-14,1,432,2018-06-23,2018-11-18,316,281
1538,2019-02-01,2019-02-03,2,972,2018-08-30,2018-06-25,47,321
1539,2020-10-21,2020-11-02,12,5400,2018-09-06,2019-01-22,170,379
1540,2019-06-23,2019-07-08,15,4590,2018-03-30,2018-11-24,251,206
1541,2019-01-08,2019-01-20,12,3528,2018-09-30,2018-03-13,267,381
1542,2019-06-13,2019-06-23,10,1280,2019-01-13,2018-03-12,200,261
1543,2019-09-01,2019-09-10,9,927,2018-10-05,2018-11-16,394,267
1544,2019-07-16,2019-07-21,5,1525,2018-09-29,2018-09-10,287,277
1545,2020-04-23,2020-05-01,8,1304,2018-12-30,2019-01-04,399,263
1546,2021-03-07,2021-03-20,13,3172,2018-04-07,2018-09-16,380,364
1547,2020-05-02,2020-05-15,13,2314,2018-03-19,2018-04-04,340,171
1548,2020-08-17,2020-08-18,1,244,2018-10-10,2018-07-29,290,377
1549,2021-01-25,2021-01-30,5,1635,2019-02-10,2018-09-01,32,361
1550,2020-10-04,2020-10-06,2,488,2018-04-02,2018-10-10,37,377
1551,2019-11-08,2019-11-10,2,888,2018-04-22,2018-10-15,32,303
1552,2019-02-10,2019-02-14,4,556,2018-10-31,2018-10-28,305,391
1553,2020-10-14,2020-10-21,7,2450,2019-01-02,2018-08-11,82,295
1554,2019-02-28,2019-03-08,8,2800,2018-06-29,2018-07-11,80,283
1555,2019-07-02,2019-07-14,12,2412,2018-03-27,2018-08-08,89,212
1556,2019-04-11,2019-04-17,6,1836,2018-09-23,2019-02-23,373,206
1557,2020-07-25,2020-08-08,14,6160,2018-10-03,2018-12-17,276,268
1558,2020-01-04,2020-01-19,15,7170,2019-01-24,2019-02-27,305,254
1559,2020-06-14,2020-06-16,2,644,2018-04-22,2018-04-02,75,305
1560,2020-04-25,2020-05-06,11,4334,2018-06-25,2018-05-11,75,371
1561,2019-04-14,2019-04-28,14,3654,2018-11-30,2018-03-08,237,360
1562,2019-05-02,2019-05-14,12,5328,2018-08-29,2018-05-20,30,303
1563,2019-01-18,2019-01-25,7,2086,2019-01-10,2018-11-24,105,249
1564,2020-06-04,2020-06-08,4,1948,2018-09-26,2018-07-20,164,221
1565,2019-02-18,2019-03-05,15,6795,2018-12-12,2018-05-04,396,302
1566,2019-09-17,2019-09-27,10,4270,2018-05-27,2018-06-09,391,176
1567,2021-01-14,2021-01-26,12,3012,2019-02-05,2018-11-28,378,297
1568,2020-10-19,2020-10-29,10,3820,2019-01-02,2018-10-28,157,158
1569,2019-03-07,2019-03-22,15,3150,2019-01-27,2018-05-02,129,172
1570,2020-11-28,2020-12-08,10,3410,2018-10-09,2019-02-26,261,247
1571,2020-08-07,2020-08-22,15,4320,2018-07-30,2018-03-20,136,326
1572,2020-08-14,2020-08-23,9,2205,2018-04-20,2018-08-28,69,149
1573,2019-10-10,2019-10-25,15,7470,2018-04-07,2018-08-30,215,257
1574,2019-07-18,2019-07-22,4,716,2019-02-25,2018-10-23,172,122
1575,2020-02-20,2020-02-25,5,625,2018-08-07,2019-03-02,119,222
1576,2020-02-28,2020-03-05,6,1992,2019-01-22,2018-08-04,176,211
1577,2020-07-07,2020-07-21,14,2506,2018-10-12,2018-06-28,177,210
1578,2019-11-21,2019-11-26,5,645,2018-06-19,2018-06-26,147,266
1579,2020-07-22,2020-07-29,7,2863,2018-04-14,2018-03-26,294,173
1580,2020-10-06,2020-10-14,8,1888,2019-01-18,2018-09-02,17,196
1581,2019-02-17,2019-02-25,8,3560,2018-07-24,2018-03-17,125,262
1582,2020-07-27,2020-07-28,1,163,2018-04-22,2018-08-19,369,263
1583,2020-03-18,2020-03-23,5,1935,2018-07-08,2018-09-10,299,194
1584,2019-04-21,2019-04-30,9,2916,2018-08-07,2018-10-16,217,275
1585,2020-03-31,2020-04-13,13,1807,2019-01-17,2018-07-27,392,289
1586,2020-09-15,2020-09-25,10,3500,2018-03-12,2018-08-24,264,295
1587,2020-04-03,2020-04-07,4,664,2018-05-30,2018-09-25,60,145
1588,2020-05-26,2020-06-08,13,5616,2018-04-03,2018-06-30,341,281
1589,2019-03-04,2019-03-11,7,2989,2018-08-19,2018-08-24,356,399
1590,2019-03-26,2019-04-01,6,1890,2018-05-07,2018-11-11,104,365
1591,2019-08-26,2019-09-05,10,2150,2019-01-27,2018-11-18,139,191
1592,2019-09-22,2019-10-06,14,6986,2018-06-19,2018-12-08,233,167
1593,2020-07-31,2020-08-04,4,640,2018-04-28,2018-06-16,326,112
1594,2020-01-28,2020-02-02,5,1255,2018-07-14,2018-06-07,104,213
1595,2019-10-24,2019-10-25,1,332,2018-12-13,2018-06-12,376,150
1596,2019-04-11,2019-04-17,6,1716,2019-01-28,2018-07-13,307,163
1597,2020-05-22,2020-06-06,15,1965,2018-11-30,2019-02-12,378,236
1598,2019-07-10,2019-07-13,3,1185,2018-11-25,2018-06-20,339,217
1599,2020-12-26,2021-01-09,14,2520,2018-10-11,2019-01-29,189,107
1600,2019-01-23,2019-01-27,4,852,2018-05-14,2018-03-27,177,328
1601,2019-08-24,2019-09-05,12,3828,2018-11-29,2018-06-03,58,156
1602,2020-11-17,2020-11-18,1,378,2018-10-24,2018-12-03,148,188
1603,2019-09-02,2019-09-13,11,5203,2018-05-15,2018-05-18,292,396
1604,2020-04-12,2020-04-19,7,1764,2018-12-06,2019-03-05,379,135
1605,2019-09-09,2019-09-23,14,3234,2018-09-30,2018-03-27,274,186
1606,2020-03-14,2020-03-25,11,4697,2018-11-11,2018-04-28,79,176
1607,2021-03-02,2021-03-15,13,5421,2018-05-21,2018-12-09,47,115
1608,2019-04-24,2019-05-04,10,1600,2018-08-24,2018-08-27,356,112
1609,2021-01-05,2021-01-11,6,1956,2019-01-21,2018-06-17,99,243
1610,2019-10-20,2019-10-30,10,2670,2019-02-16,2018-07-12,373,293
1611,2020-10-23,2020-11-03,11,4224,2018-11-25,2018-08-10,168,331
1612,2020-12-28,2021-01-06,9,3744,2018-09-01,2019-01-23,264,193
1613,2020-01-15,2020-01-20,5,895,2018-11-18,2019-01-11,287,210
1614,2019-01-31,2019-02-09,9,3294,2018-11-02,2018-12-04,166,101
1615,2019-07-17,2019-07-31,14,1624,2018-08-28,2019-01-02,3,343
1616,2020-03-02,2020-03-15,13,5486,2019-01-27,2019-03-07,66,208
1617,2019-10-11,2019-10-12,1,311,2018-12-08,2018-11-16,308,111
1618,2020-11-28,2020-12-05,7,2135,2018-09-01,2018-07-09,208,277
1619,2020-05-01,2020-05-04,3,525,2018-11-17,2019-02-13,136,320
1620,2021-01-09,2021-01-24,15,3750,2018-06-11,2018-12-30,364,310
1621,2020-07-30,2020-08-08,9,4167,2018-12-13,2019-02-22,75,366
1622,2019-05-08,2019-05-12,4,1260,2018-04-19,2018-12-20,76,365
1623,2021-01-18,2021-01-29,11,5038,2018-07-01,2018-11-16,211,398
1624,2020-04-11,2020-04-26,15,2400,2018-08-25,2019-01-18,14,244
1625,2020-07-27,2020-07-30,3,1116,2018-03-15,2018-08-06,204,229
1626,2019-12-04,2019-12-11,7,3402,2018-07-28,2018-11-12,362,356
1627,2019-05-15,2019-05-24,9,1287,2018-08-05,2019-01-17,112,280
1628,2020-07-23,2020-07-30,7,1764,2018-10-11,2018-06-08,42,135
1629,2021-02-07,2021-02-21,14,4116,2018-08-03,2019-01-23,361,273
1630,2019-10-14,2019-10-29,15,3465,2018-04-20,2018-06-22,270,186
1631,2019-01-19,2019-01-25,6,2916,2018-07-13,2018-04-01,195,161
1632,2019-07-16,2019-07-20,4,492,2018-05-08,2018-03-31,215,192
1633,2019-06-30,2019-07-05,5,2240,2018-12-03,2018-09-26,262,125
1634,2021-02-23,2021-03-02,7,1029,2019-01-10,2018-06-10,293,225
1635,2021-01-15,2021-01-19,4,1700,2018-04-16,2018-07-09,354,312
1636,2020-10-22,2020-11-02,11,3168,2019-03-04,2018-11-14,249,326
1637,2020-03-14,2020-03-16,2,578,2018-10-02,2018-09-01,70,177
1638,2020-10-29,2020-11-02,4,1144,2018-05-18,2018-09-22,314,163
1639,2020-06-16,2020-06-18,2,328,2018-07-21,2019-02-17,235,385
1640,2019-05-31,2019-06-04,4,1996,2018-08-10,2018-12-08,101,299
1641,2019-12-28,2020-01-06,9,1935,2018-04-01,2018-10-10,377,191
1642,2021-01-18,2021-01-31,13,1807,2018-03-17,2018-07-14,52,289
1643,2020-05-24,2020-05-26,2,954,2018-08-09,2018-05-16,63,241
1644,2020-11-16,2020-11-25,9,3348,2018-08-28,2019-03-07,320,245
1645,2020-02-11,2020-02-12,1,303,2018-08-04,2018-05-15,377,127
1646,2019-04-12,2019-04-18,6,2778,2018-12-30,2018-09-19,196,366
1647,2020-09-27,2020-10-03,6,2160,2018-11-20,2018-12-28,243,239
1648,2020-04-07,2020-04-22,15,2685,2018-04-05,2018-11-30,31,210
1649,2019-10-02,2019-10-09,7,3080,2019-01-08,2018-12-08,289,268
1650,2019-05-04,2019-05-14,10,2510,2019-01-14,2018-11-19,196,213
1651,2019-09-01,2019-09-16,15,5190,2019-01-21,2018-08-06,77,362
1652,2020-03-18,2020-03-30,12,1404,2018-05-11,2018-05-31,166,185
1653,2019-11-01,2019-11-02,1,334,2018-08-17,2018-08-12,365,231
1654,2019-10-06,2019-10-13,7,2205,2018-06-14,2018-08-09,29,308
1655,2019-06-28,2019-06-29,1,238,2018-10-02,2018-08-19,232,224
1656,2020-06-05,2020-06-16,11,3982,2018-08-18,2018-05-17,286,386
1657,2019-09-09,2019-09-18,9,1206,2019-01-11,2018-03-28,23,237
1658,2019-12-28,2020-01-05,8,3584,2018-11-08,2018-06-04,387,125
1659,2020-05-20,2020-05-30,10,2890,2018-10-02,2018-12-22,216,177
1660,2021-02-12,2021-02-15,3,579,2018-09-23,2019-01-27,296,147
1661,2019-10-26,2019-10-27,1,398,2018-09-08,2018-04-28,262,117
1662,2019-05-18,2019-06-01,14,3416,2018-11-04,2018-12-13,242,364
1663,2020-01-16,2020-01-19,3,1494,2018-08-08,2019-02-06,236,336
1664,2019-10-26,2019-11-10,15,4320,2018-12-30,2018-05-14,34,326
1665,2020-09-25,2020-09-28,3,1236,2018-10-14,2018-07-25,28,394
1666,2019-10-30,2019-11-07,8,2176,2018-07-10,2019-01-04,17,223
1667,2019-05-15,2019-05-17,2,626,2018-03-27,2019-03-04,254,340
1668,2021-02-16,2021-02-20,4,696,2018-10-19,2018-12-19,96,260
1669,2020-09-24,2020-10-07,13,1794,2019-01-17,2018-08-27,262,264
1670,2021-01-28,2021-02-03,6,1644,2018-09-14,2019-02-16,82,290
1671,2020-07-04,2020-07-07,3,543,2018-06-15,2018-05-15,179,313
1672,2021-02-13,2021-02-21,8,1352,2018-10-07,2018-09-10,82,363
1673,2020-04-09,2020-04-24,15,2670,2018-06-20,2018-11-22,284,131
1674,2019-08-09,2019-08-17,8,2800,2018-06-23,2018-03-13,353,300
1675,2019-10-23,2019-10-29,6,2730,2018-04-13,2019-01-06,303,248
1676,2020-01-30,2020-02-02,3,1197,2018-11-24,2018-08-19,319,270
1677,2020-01-11,2020-01-15,4,852,2019-01-07,2018-03-14,231,328
1678,2021-02-21,2021-02-24,3,945,2019-01-29,2018-04-08,145,365
1679,2020-03-21,2020-03-26,5,1320,2018-11-30,2019-01-20,399,138
1680,2020-10-23,2020-10-24,1,387,2018-07-04,2019-01-27,300,378
1681,2019-09-11,2019-09-20,9,1638,2018-05-16,2018-10-25,68,226
1682,2020-10-14,2020-10-17,3,1275,2018-04-02,2019-02-11,349,312
1683,2020-09-10,2020-09-18,8,3152,2018-07-18,2018-05-07,350,371
1684,2020-05-16,2020-05-31,15,2865,2019-03-07,2018-06-11,330,246
1685,2019-07-28,2019-08-11,14,1722,2018-08-20,2019-02-01,382,341
1686,2019-04-17,2019-04-18,1,167,2018-07-07,2018-08-11,81,134
1687,2019-11-28,2019-12-01,3,513,2018-08-30,2018-12-23,301,316
1688,2019-07-29,2019-08-12,14,5418,2018-09-13,2018-07-31,91,194
1689,2020-03-23,2020-03-25,2,358,2018-04-05,2018-07-21,353,103
1690,2019-02-17,2019-02-22,5,615,2019-02-13,2018-03-20,25,192
1691,2019-10-23,2019-11-01,9,3015,2018-05-07,2018-11-04,252,369
1692,2019-11-15,2019-11-30,15,5565,2018-09-03,2018-08-05,383,109
1693,2020-08-11,2020-08-18,7,2975,2018-12-14,2018-10-18,205,338
1694,2021-02-12,2021-02-16,4,1688,2018-06-19,2018-09-11,341,208
1695,2021-03-07,2021-03-18,11,1430,2018-05-23,2018-05-21,49,234
1696,2019-05-24,2019-05-25,1,253,2018-09-17,2018-07-24,118,121
1697,2020-11-04,2020-11-10,6,1506,2018-09-30,2018-03-11,75,297
1698,2020-10-28,2020-11-09,12,2556,2018-10-05,2018-08-20,327,328
1699,2019-12-25,2019-12-26,1,427,2018-12-08,2018-07-26,73,176
1700,2020-07-06,2020-07-07,1,251,2018-08-26,2018-08-21,44,213
1701,2020-10-15,2020-10-19,4,948,2018-09-22,2018-07-31,196,276
1702,2020-06-02,2020-06-11,9,4311,2018-11-14,2018-11-17,7,184
1703,2019-08-08,2019-08-14,6,1632,2018-05-19,2019-02-21,308,220
1704,2020-09-22,2020-10-04,12,5808,2018-08-03,2018-12-19,399,164
1705,2020-03-30,2020-04-06,7,3080,2018-05-23,2018-06-22,107,268
1706,2019-01-12,2019-01-19,7,1764,2019-02-25,2018-09-28,353,135
1707,2019-06-28,2019-07-04,6,1734,2018-03-23,2018-10-25,396,255
1708,2019-09-19,2019-10-01,12,1920,2018-10-15,2018-10-20,298,244
1709,2021-02-06,2021-02-15,9,1557,2018-04-25,2018-04-06,396,324
1710,2020-08-05,2020-08-07,2,732,2018-10-24,2018-06-27,282,101
1711,2021-02-07,2021-02-14,7,1799,2018-03-30,2018-08-28,298,354
1712,2019-05-04,2019-05-19,15,2715,2018-09-06,2018-05-05,135,313
1713,2019-05-12,2019-05-19,7,3024,2018-10-14,2018-10-21,33,281
1714,2020-03-15,2020-03-28,13,6292,2018-12-12,2018-10-23,173,164
1715,2020-07-10,2020-07-22,12,1668,2018-06-25,2018-11-24,206,391
1716,2019-05-18,2019-06-01,14,4004,2018-06-10,2019-01-08,251,136
1717,2020-10-05,2020-10-13,8,2896,2018-09-05,2019-03-03,1,386
1718,2020-08-25,2020-09-09,15,3765,2019-01-24,2018-06-12,278,297
1719,2020-03-06,2020-03-19,13,4095,2018-10-02,2018-03-09,345,308
1720,2020-06-22,2020-07-06,14,3780,2018-06-16,2018-09-13,99,352
1721,2019-07-29,2019-08-08,10,2250,2018-11-30,2018-12-30,365,216
1722,2020-05-18,2020-05-27,9,2484,2019-02-18,2018-05-20,26,342
1723,2019-09-18,2019-09-19,1,317,2018-10-16,2018-09-21,232,397
1724,2020-03-27,2020-04-05,9,3312,2018-06-19,2019-01-23,223,195
1725,2019-08-20,2019-08-25,5,1885,2018-12-31,2018-11-06,355,187
1726,2019-12-06,2019-12-15,9,3852,2018-11-08,2018-11-28,31,323
1727,2021-03-03,2021-03-14,11,4345,2018-04-23,2019-01-19,394,217
1728,2020-12-30,2021-01-12,13,3887,2018-08-31,2018-12-05,165,358
1729,2019-12-21,2019-12-29,8,3696,2018-09-17,2019-02-28,157,183
1730,2020-02-06,2020-02-08,2,910,2018-11-03,2018-12-20,122,258
1731,2020-05-27,2020-05-30,3,816,2018-10-24,2018-07-02,11,220
1732,2019-04-17,2019-04-21,4,812,2018-05-25,2018-06-22,279,146
1733,2021-03-07,2021-03-10,3,1458,2018-06-30,2019-01-10,141,356
1734,2020-08-03,2020-08-13,10,2780,2018-06-18,2018-11-05,306,311
1735,2021-02-03,2021-02-09,6,1446,2018-09-14,2018-06-06,316,376
1736,2019-10-03,2019-10-11,8,3880,2018-12-27,2019-02-26,56,205
1737,2019-10-31,2019-11-02,2,460,2018-10-23,2018-08-05,395,344
1738,2019-08-27,2019-09-05,9,1656,2018-03-31,2018-10-28,393,252
1739,2019-09-01,2019-09-04,3,591,2019-03-03,2018-11-30,242,251
1740,2020-10-21,2020-10-27,6,1236,2018-08-24,2018-11-23,19,304
1741,2020-02-20,2020-03-03,12,5100,2018-10-20,2018-04-08,203,338
1742,2020-05-03,2020-05-15,12,1536,2019-01-30,2018-07-01,117,261
1743,2019-09-17,2019-09-29,12,2004,2018-11-23,2018-06-08,54,134
1744,2020-05-25,2020-05-29,4,740,2018-10-04,2018-05-12,57,374
1745,2021-02-27,2021-03-14,15,3225,2018-07-28,2018-12-29,148,191
1746,2020-11-16,2020-11-22,6,1074,2018-12-29,2018-06-29,63,103
1747,2021-01-01,2021-01-09,8,1576,2018-12-28,2018-07-01,351,251
1748,2020-05-16,2020-05-26,10,3140,2018-04-23,2018-06-15,71,235
1749,2019-02-28,2019-03-13,13,4433,2018-12-07,2018-05-09,167,247
1750,2019-07-24,2019-07-28,4,552,2019-03-07,2018-10-02,155,264
1751,2019-04-18,2019-04-29,11,4191,2019-01-23,2018-09-05,246,322
1752,2020-10-29,2020-11-13,15,2730,2018-08-17,2018-09-25,318,226
1753,2019-12-18,2019-12-29,11,1804,2018-03-27,2018-11-01,200,385
1754,2021-02-05,2021-02-06,1,274,2018-03-25,2019-02-04,222,215
1755,2019-04-29,2019-05-03,4,1736,2018-03-29,2018-11-07,185,294
1756,2020-06-02,2020-06-09,7,2807,2018-07-12,2018-10-17,225,197
1757,2021-01-13,2021-01-23,10,1820,2018-06-30,2019-01-30,249,226
1758,2019-09-07,2019-09-16,9,2088,2018-12-12,2018-09-05,138,153
1759,2020-09-08,2020-09-22,14,5726,2018-12-25,2018-06-07,22,173
1760,2019-03-18,2019-04-01,14,6216,2018-04-26,2018-12-18,33,303
1761,2020-05-13,2020-05-16,3,753,2019-01-13,2018-05-16,331,297
1762,2020-11-13,2020-11-27,14,6370,2018-11-23,2018-03-13,137,258
1763,2020-02-20,2020-03-02,11,3322,2018-03-25,2018-08-27,375,170
1764,2020-02-07,2020-02-09,2,782,2018-10-30,2018-06-18,190,228
1765,2020-11-17,2020-11-23,6,1074,2018-10-11,2018-08-15,363,210
1766,2020-04-03,2020-04-18,15,1845,2018-09-20,2018-07-13,280,192
1767,2020-12-14,2020-12-24,10,2400,2018-11-24,2019-01-02,306,180
1768,2020-12-02,2020-12-15,13,3081,2018-07-12,2018-05-10,53,276
1769,2020-12-12,2020-12-15,3,1113,2018-06-08,2019-02-05,312,272
1770,2020-07-17,2020-07-20,3,1005,2019-02-16,2018-11-04,205,369
1771,2019-02-03,2019-02-06,3,735,2018-03-10,2018-06-12,373,182
1772,2019-03-01,2019-03-02,1,294,2018-11-24,2018-03-21,273,381
1773,2019-01-26,2019-01-30,4,1144,2018-09-08,2018-11-19,91,136
1774,2019-04-21,2019-04-23,2,236,2018-09-11,2018-10-02,345,140
1775,2020-11-18,2020-12-03,15,5115,2018-07-04,2018-09-14,25,247
1776,2019-11-07,2019-11-13,6,2604,2018-09-06,2018-05-28,351,380
1777,2019-11-15,2019-11-16,1,444,2018-11-30,2019-01-19,29,303
1778,2020-10-01,2020-10-04,3,1305,2018-09-29,2019-01-20,397,367
1779,2019-07-03,2019-07-16,13,3757,2018-05-04,2018-11-25,374,177
1780,2019-10-02,2019-10-15,13,5135,2018-03-08,2018-04-28,391,217
1781,2019-08-23,2019-09-02,10,2520,2018-08-07,2018-11-07,380,135
1782,2019-04-15,2019-04-25,10,4500,2018-10-19,2018-06-19,309,379
1783,2019-03-16,2019-03-27,11,2475,2018-12-10,2018-10-10,339,119
1784,2019-04-20,2019-04-26,6,2442,2019-01-13,2019-02-03,355,207
1785,2020-11-29,2020-11-30,1,272,2018-11-29,2018-09-13,308,223
1786,2019-08-15,2019-08-25,10,3220,2018-07-17,2018-08-25,54,203
1787,2019-10-06,2019-10-14,8,944,2018-11-01,2018-06-02,87,140
1788,2020-03-25,2020-04-05,11,3751,2018-08-26,2018-07-14,102,278
1789,2020-04-12,2020-04-18,6,1512,2019-02-17,2019-01-02,315,135
1790,2020-03-23,2020-03-30,7,3402,2018-12-06,2018-10-28,254,356
1791,2019-09-30,2019-10-08,8,2016,2018-10-14,2018-10-10,377,141
1792,2019-06-24,2019-07-04,10,1710,2018-06-14,2019-02-21,250,128
1793,2019-06-25,2019-07-07,12,1572,2018-07-05,2018-10-11,1,236
1794,2020-07-22,2020-07-24,2,490,2019-02-19,2018-08-11,116,182
1795,2020-01-07,2020-01-11,4,500,2018-06-28,2019-01-28,235,222
1796,2019-08-29,2019-09-12,14,3234,2018-07-07,2018-05-10,277,327
1797,2019-08-01,2019-08-03,2,438,2018-11-05,2018-10-12,358,349
1798,2019-04-27,2019-05-02,5,2170,2018-11-11,2018-06-19,250,294
1799,2019-09-29,2019-10-05,6,1602,2018-05-24,2018-09-28,19,293
1800,2020-07-18,2020-07-29,11,5467,2018-05-07,2018-08-29,67,242
1801,2020-12-29,2021-01-11,13,5642,2018-12-16,2018-09-04,257,380
1802,2020-04-25,2020-05-06,11,1430,2018-12-28,2018-06-19,374,234
1803,2019-01-18,2019-01-19,1,173,2018-08-08,2018-10-30,398,324
1804,2021-01-24,2021-01-30,6,2328,2018-10-28,2018-10-31,96,318
1805,2019-09-28,2019-10-09,11,2750,2018-04-10,2019-01-09,333,310
1806,2020-08-27,2020-09-09,13,1339,2018-11-18,2018-08-14,36,285
1807,2019-06-26,2019-07-03,7,3493,2018-04-29,2018-09-05,40,167
1808,2020-09-21,2020-10-03,12,2892,2018-03-16,2018-04-26,66,376
1809,2019-01-24,2019-01-25,1,355,2018-03-09,2018-08-23,302,139
1810,2019-04-06,2019-04-17,11,3289,2019-01-02,2018-04-20,152,358
1811,2019-05-02,2019-05-15,13,4550,2018-10-12,2018-06-20,242,300
1812,2020-10-25,2020-11-01,7,966,2019-02-02,2019-02-24,273,264
1813,2020-05-28,2020-05-29,1,274,2018-10-16,2018-11-06,113,215
1814,2019-12-09,2019-12-11,2,972,2018-08-12,2018-05-15,162,161
1815,2019-02-23,2019-03-03,8,2728,2018-09-24,2018-08-11,321,278
1816,2019-05-28,2019-06-05,8,1264,2018-09-25,2018-07-10,267,319
1817,2020-07-13,2020-07-24,11,3850,2018-03-18,2018-11-11,375,295
1818,2020-09-09,2020-09-16,7,1687,2018-12-14,2018-05-28,300,376
1819,2019-07-12,2019-07-18,6,666,2018-08-14,2019-02-15,26,359
1820,2020-02-06,2020-02-14,8,1352,2018-12-03,2018-04-01,44,363
1821,2021-01-01,2021-01-04,3,441,2019-02-11,2018-12-08,176,265
1822,2020-05-10,2020-05-12,2,886,2018-08-12,2019-02-20,74,309
1823,2019-09-05,2019-09-15,10,1280,2018-07-24,2018-12-01,73,123
1824,2019-09-11,2019-09-16,5,1150,2018-06-14,2019-02-18,215,344
1825,2020-12-16,2020-12-29,13,4433,2018-07-26,2018-11-13,166,278
1826,2020-10-29,2020-11-03,5,730,2018-09-11,2018-05-25,343,345
1827,2019-06-20,2019-06-26,6,1104,2018-12-12,2018-03-09,352,252
1828,2019-10-02,2019-10-14,12,4512,2019-01-29,2018-04-28,191,317
1829,2019-03-18,2019-03-28,10,1790,2018-07-21,2018-08-23,215,122
1830,2019-01-12,2019-01-21,9,999,2019-03-06,2018-11-25,369,359
1831,2020-02-16,2020-02-27,11,1980,2018-10-16,2018-06-10,67,107
1832,2020-09-18,2020-09-27,9,3150,2018-10-15,2018-04-25,339,283
1833,2020-04-23,2020-05-04,11,4136,2018-06-22,2018-04-01,286,317
1834,2019-10-30,2019-11-09,10,1180,2018-10-01,2018-11-23,254,140
1835,2019-09-03,2019-09-16,13,3978,2018-09-26,2018-03-14,197,206
1836,2020-12-22,2020-12-26,4,1648,2019-01-07,2018-03-15,337,394
1837,2020-04-26,2020-04-27,1,163,2018-12-12,2018-09-28,194,263
1838,2020-07-09,2020-07-18,9,2097,2018-08-30,2018-06-15,47,296
1839,2020-01-27,2020-02-09,13,3250,2018-06-15,2018-12-31,204,310
1840,2019-04-25,2019-05-01,6,2256,2018-08-31,2018-09-18,332,269
1841,2021-02-13,2021-02-28,15,5490,2018-09-13,2018-07-16,283,101
1842,2020-08-28,2020-08-29,1,378,2018-04-09,2018-10-28,113,188
1843,2019-02-07,2019-02-12,5,1370,2018-08-06,2018-03-10,306,215
1844,2021-01-20,2021-02-01,12,1584,2018-07-25,2018-04-25,3,274
1845,2019-05-20,2019-06-01,12,5772,2018-09-16,2019-02-26,119,387
1846,2019-10-07,2019-10-14,7,2058,2018-11-26,2018-06-28,331,273
1847,2019-08-20,2019-08-29,9,1206,2018-10-29,2019-02-03,70,237
1848,2019-05-18,2019-05-20,2,256,2018-06-20,2018-12-04,389,123
1849,2020-01-22,2020-01-24,2,338,2018-03-25,2018-12-06,240,363
1850,2019-05-08,2019-05-23,15,3540,2018-03-08,2018-10-14,105,395
1851,2020-11-29,2020-12-01,2,572,2018-09-17,2018-11-30,73,163
1852,2020-10-21,2020-10-28,7,1057,2018-06-24,2018-07-10,313,334
1853,2020-07-08,2020-07-16,8,1424,2019-02-05,2018-09-27,30,171
1854,2019-06-24,2019-06-28,4,728,2018-03-16,2018-12-31,110,226
1855,2020-07-27,2020-08-04,8,1688,2018-11-29,2018-10-12,218,181
1856,2021-02-08,2021-02-13,5,1445,2018-09-15,2018-11-07,188,255
1857,2021-02-16,2021-02-17,1,234,2018-07-29,2018-05-01,15,393
1858,2019-08-31,2019-09-11,11,2530,2018-05-07,2018-09-06,176,292
1859,2019-08-22,2019-08-29,7,770,2018-03-23,2018-04-21,266,129
1860,2021-02-23,2021-02-28,5,1220,2018-04-18,2018-08-13,384,364
1861,2020-10-27,2020-11-04,8,1888,2018-07-10,2018-10-14,317,395
1862,2019-06-12,2019-06-26,14,3150,2018-12-18,2018-04-10,137,119
1863,2019-07-31,2019-08-09,9,1629,2018-12-21,2018-09-07,26,168
1864,2019-05-31,2019-06-01,1,216,2019-02-11,2018-05-21,281,105
1865,2019-11-18,2019-11-24,6,2550,2018-07-06,2019-02-06,328,312
1866,2019-02-12,2019-02-14,2,864,2018-04-25,2018-11-14,107,281
1867,2020-07-13,2020-07-22,9,1152,2018-09-06,2018-06-08,195,261
1868,2020-10-01,2020-10-02,1,485,2018-03-17,2018-05-24,175,351
1869,2020-01-04,2020-01-13,9,2745,2018-03-24,2018-04-20,3,277
1870,2020-05-29,2020-06-07,9,4365,2018-08-17,2019-01-30,133,351
1871,2020-09-08,2020-09-16,8,3704,2018-10-05,2018-12-31,128,366
1872,2021-02-27,2021-03-01,2,206,2019-02-26,2018-11-07,288,285
1873,2020-12-30,2021-01-13,14,2534,2019-02-22,2018-05-14,336,313
1874,2020-12-13,2020-12-14,1,274,2019-02-27,2018-06-17,102,290
1875,2020-11-09,2020-11-11,2,528,2018-08-24,2018-12-25,123,138
1876,2019-06-06,2019-06-17,11,3421,2018-06-12,2018-05-14,230,111
1877,2020-03-19,2020-03-30,11,3531,2018-04-06,2018-04-26,282,256
1878,2019-04-27,2019-05-06,9,4095,2018-04-03,2018-07-14,136,248
1879,2019-04-01,2019-04-06,5,1335,2019-01-10,2018-08-11,372,293
1880,2020-08-06,2020-08-21,15,5925,2019-02-08,2018-08-29,165,217
1881,2020-07-23,2020-07-30,7,2121,2019-03-02,2018-04-20,69,127
1882,2020-03-28,2020-04-06,9,1629,2018-08-25,2018-03-19,14,313
1883,2019-08-21,2019-09-04,14,5292,2018-09-15,2018-07-27,273,188
1884,2020-09-15,2020-09-21,6,1926,2018-06-01,2018-07-03,175,256
1885,2020-07-12,2020-07-14,2,924,2018-08-27,2018-07-17,124,183
1886,2020-01-12,2020-01-17,5,2495,2018-03-19,2018-04-16,311,167
1887,2020-07-05,2020-07-15,10,1110,2018-07-26,2018-05-23,143,359
1888,2019-02-24,2019-02-27,3,618,2019-02-24,2018-05-26,58,304
1889,2020-04-08,2020-04-16,8,3400,2018-06-10,2019-02-04,355,338
1890,2020-07-03,2020-07-11,8,2312,2018-05-11,2019-02-10,344,255
1891,2019-08-05,2019-08-20,15,3645,2019-02-27,2019-03-02,186,148
1892,2020-06-26,2020-06-29,3,867,2018-04-22,2019-01-31,316,255
1893,2019-07-25,2019-08-07,13,1339,2018-06-11,2018-10-14,306,267
1894,2019-03-10,2019-03-18,8,3704,2018-06-03,2018-05-02,259,120
1895,2019-01-12,2019-01-14,2,588,2018-09-15,2019-01-16,277,273
1896,2020-07-17,2020-08-01,15,7305,2019-01-27,2018-11-13,285,221
1897,2020-07-28,2020-08-05,8,2504,2018-05-12,2018-08-03,334,340
1898,2019-10-19,2019-10-21,2,362,2018-09-26,2019-01-05,315,168
1899,2020-11-03,2020-11-15,12,2928,2018-09-04,2018-09-16,57,364
1900,2019-11-12,2019-11-16,4,764,2019-03-03,2018-04-15,82,246
1901,2020-06-25,2020-07-09,14,3234,2018-04-21,2018-11-27,378,186
1902,2019-10-05,2019-10-13,8,3440,2018-07-03,2018-10-07,127,157
1903,2019-04-23,2019-04-30,7,1120,2018-05-05,2018-05-07,214,244
1904,2019-01-29,2019-02-06,8,2616,2018-04-18,2018-05-15,26,361
1905,2019-02-22,2019-02-23,1,465,2019-01-20,2018-09-23,289,151
1906,2020-09-22,2020-10-05,13,5525,2018-11-09,2019-03-03,181,154
1907,2019-04-21,2019-04-25,4,1800,2018-10-18,2018-05-24,26,379
1908,2020-08-03,2020-08-06,3,552,2018-06-28,2018-10-25,72,240
1909,2019-06-01,2019-06-14,13,4888,2018-03-21,2019-02-22,262,269
1910,2019-06-08,2019-06-13,5,1510,2018-04-17,2018-04-23,129,383
1911,2020-12-30,2021-01-09,10,1380,2018-10-05,2018-07-11,133,264
1912,2020-01-30,2020-02-03,4,632,2018-12-13,2018-07-26,265,319
1913,2019-09-10,2019-09-25,15,3600,2018-12-02,2018-10-27,64,180
1914,2020-09-22,2020-10-01,9,2268,2018-03-13,2018-03-08,117,135
1915,2020-11-09,2020-11-13,4,1128,2018-03-28,2018-12-24,333,372
1916,2020-09-21,2020-09-27,6,834,2018-07-01,2018-10-05,368,289
1917,2020-10-11,2020-10-20,9,4455,2018-11-16,2018-06-19,123,175
1918,2019-04-09,2019-04-18,9,4473,2018-03-17,2019-01-11,106,242
1919,2020-09-20,2020-10-05,15,5010,2018-10-11,2018-04-22,111,231
1920,2021-02-06,2021-02-12,6,1158,2018-04-28,2018-04-22,136,113
1921,2020-02-15,2020-02-25,10,4790,2018-07-06,2018-12-14,241,184
1922,2019-12-12,2019-12-15,3,864,2018-10-26,2019-01-25,366,326
1923,2020-04-14,2020-04-24,10,1420,2018-04-05,2018-06-22,191,284
1924,2019-05-03,2019-05-18,15,7290,2018-09-11,2018-06-07,116,321
1925,2019-05-01,2019-05-03,2,762,2018-05-17,2018-09-22,2,322
1926,2020-09-13,2020-09-22,9,3159,2018-06-25,2018-06-08,201,271
1927,2019-06-09,2019-06-11,2,840,2018-04-09,2018-09-17,31,130
1928,2020-07-27,2020-08-04,8,2312,2018-05-31,2018-12-10,87,199
1929,2021-01-31,2021-02-12,12,1668,2018-06-22,2019-02-14,51,391
1930,2019-06-09,2019-06-22,13,2054,2018-08-24,2018-06-13,87,319
1931,2019-01-03,2019-01-04,1,262,2018-11-02,2018-09-27,156,209
1932,2019-11-22,2019-11-24,2,926,2018-10-16,2018-10-30,242,366
1933,2019-07-11,2019-07-12,1,145,2018-09-14,2018-03-20,350,389
1934,2019-04-16,2019-04-24,8,1888,2018-04-21,2018-10-18,226,395
1935,2021-02-12,2021-02-27,15,5580,2018-08-22,2019-01-15,345,245
1936,2019-02-21,2019-02-25,4,1508,2018-10-28,2019-01-29,84,187
1937,2020-12-04,2020-12-06,2,736,2018-09-24,2018-10-06,208,195
1938,2021-03-05,2021-03-08,3,1023,2019-01-25,2018-12-17,116,278
1939,2020-08-18,2020-08-29,11,3674,2018-10-14,2018-09-21,224,231
1940,2019-12-07,2019-12-20,13,3341,2018-12-05,2018-08-11,57,354
1941,2020-04-30,2020-05-15,15,5160,2018-09-13,2019-01-06,363,348
1942,2019-01-10,2019-01-14,4,1852,2019-02-01,2019-01-03,103,120
1943,2020-03-24,2020-04-02,9,3870,2018-12-05,2018-08-01,142,157
1944,2020-04-15,2020-04-25,10,4850,2018-11-12,2018-05-14,314,351
1945,2019-10-05,2019-10-13,8,824,2018-06-25,2018-11-09,372,267
1946,2020-03-13,2020-03-24,11,2684,2018-03-30,2018-06-17,78,377
1947,2021-01-18,2021-01-30,12,3192,2018-08-16,2018-12-08,246,250
1948,2020-03-12,2020-03-14,2,912,2018-09-29,2018-07-24,347,189
1949,2019-11-14,2019-11-17,3,537,2018-03-27,2018-11-10,214,122
1950,2019-05-30,2019-06-13,14,2044,2018-05-19,2018-09-29,50,345
1951,2019-04-11,2019-04-16,5,1970,2018-04-15,2018-12-04,173,371
1952,2021-02-04,2021-02-13,9,1917,2018-04-04,2018-04-25,256,179
1953,2020-11-19,2020-11-27,8,3888,2018-08-29,2018-06-26,150,137
1954,2019-07-12,2019-07-19,7,2387,2018-09-30,2018-08-10,225,247
1955,2019-11-27,2019-12-06,9,3663,2018-11-03,2018-11-29,297,279
1956,2020-03-25,2020-04-07,13,1443,2019-02-08,2018-07-06,131,359
1957,2020-02-11,2020-02-12,1,420,2018-12-08,2018-07-01,212,130
1958,2020-08-30,2020-09-04,5,570,2019-01-21,2018-08-02,232,143
1959,2020-06-29,2020-07-04,5,1225,2019-01-26,2018-12-19,305,149
1960,2020-02-14,2020-02-20,6,1734,2018-09-13,2018-09-27,375,214
1961,2020-06-20,2020-06-28,8,1056,2018-07-26,2019-01-16,96,274
1962,2019-01-15,2019-01-21,6,1158,2018-09-12,2019-02-12,31,113
1963,2020-10-10,2020-10-21,11,2827,2018-11-12,2018-09-06,204,354
1964,2019-12-27,2019-12-30,3,1431,2019-03-01,2018-08-30,268,241
1965,2021-02-18,2021-02-26,8,2088,2018-07-20,2018-12-20,310,360
1966,2020-07-14,2020-07-26,12,4992,2018-11-10,2018-08-17,17,301
1967,2019-06-23,2019-07-05,12,4992,2018-11-15,2018-04-26,177,301
1968,2019-12-23,2020-01-07,15,2010,2019-02-03,2018-12-03,1,237
1969,2019-12-26,2020-01-03,8,1112,2019-02-24,2018-05-01,50,289
1970,2020-11-07,2020-11-12,5,2430,2019-02-13,2018-08-26,218,321
1971,2020-09-26,2020-09-28,2,358,2018-04-18,2018-12-26,47,210
1972,2019-05-29,2019-06-05,7,1715,2018-07-09,2019-01-28,227,182
1973,2019-11-14,2019-11-28,14,4410,2018-11-14,2018-04-22,292,365
1974,2019-10-14,2019-10-18,4,1708,2018-11-17,2018-11-10,152,176
1975,2021-01-09,2021-01-23,14,1750,2018-09-22,2018-08-20,70,222
1976,2019-07-09,2019-07-17,8,1448,2018-04-17,2018-05-30,45,313
1977,2020-10-23,2020-10-25,2,562,2018-09-18,2018-09-10,15,219
1978,2021-02-23,2021-02-27,4,652,2018-06-19,2019-02-19,86,263
1979,2020-02-18,2020-02-20,2,926,2019-01-07,2018-06-17,9,120
1980,2019-04-27,2019-05-09,12,3984,2018-09-28,2018-05-06,130,211
1981,2021-01-18,2021-01-23,5,1750,2018-12-27,2018-03-15,222,300
1982,2020-11-29,2020-11-30,1,355,2018-04-17,2018-08-09,42,139
1983,2020-09-21,2020-10-03,12,5220,2018-11-29,2018-03-29,212,367
1984,2020-12-02,2020-12-15,13,2249,2018-03-09,2019-02-01,283,324
1985,2021-02-03,2021-02-04,1,178,2019-01-25,2019-03-06,251,131
1986,2020-12-17,2020-12-25,8,1472,2018-10-01,2018-04-18,139,240
1987,2019-01-21,2019-02-02,12,5208,2019-01-15,2018-10-31,126,198
1988,2020-11-28,2020-12-06,8,2016,2018-07-14,2018-07-31,301,141
1989,2019-06-15,2019-06-22,7,2016,2018-07-04,2018-10-31,307,375
1990,2020-01-17,2020-01-18,1,163,2018-03-19,2018-06-08,271,263
1991,2020-04-20,2020-04-24,4,716,2018-04-03,2018-05-29,151,122
1992,2019-08-20,2019-08-31,11,2024,2018-08-01,2018-11-29,2,252
1993,2019-04-09,2019-04-18,9,4050,2018-03-25,2018-04-20,100,379
1994,2019-04-22,2019-05-07,15,4050,2018-07-09,2018-03-29,11,352
1995,2020-02-14,2020-02-22,8,2992,2018-07-29,2018-09-10,398,233
1996,2019-05-27,2019-06-05,9,1152,2018-08-06,2019-03-02,130,123
1997,2020-06-14,2020-06-17,3,945,2018-07-29,2018-10-28,99,307
1998,2021-02-01,2021-02-09,8,2096,2018-06-16,2018-07-03,233,108
1999,2019-09-15,2019-09-27,12,2136,2019-02-19,2018-08-10,20,171
2000,2020-08-12,2020-08-22,10,2510,2019-02-18,2018-07-17,329,297