id,check_in,check_out,in_house,canceled,number_of_rooms,total_price_per_room,guest_count,createdat,updatedat,reservation_id
1,2018-12-13 10:43:20,2018-05-15 12:54:35,1,0,1,0,4,2018-09-12 07:46:28,2019-03-05 11:00:41,1978
2,2024-01-15 15:19:24,2018-04-08 02:03:38,1,0,1,0,5,2018-05-17 18:22:40,2018-08-09 21:06:21,1885
3,2020-09-29 07:23:22,2021-01-08 19:08:40,1,0,1,0,2,2018-04-22 04:55:21,2018-05-09 15:42:18,1369
4,2024-09-26 22:27:13,2021-04-12 06:38:09,0,0,1,0,4,2018-08-07 08:24:48,2018-12-07 08:03:14,1364
5,2021-09-08 02:20:08,2020-04-12 22:19:49,0,0,1,0,5,2018-07-22 08:02:13,2018-07-21 06:45:43,1494
6,2021-05-01 00:00:42,2021-03-23 15:48:17,1,0,1,0,6,2018-09-12 19:12:48,2019-01-05 19:12:58,1199
7,2021-03-28 13:48:54,2023-07-26 10:03:16,0,0,1,0,6,2018-07-18 23:55:12,2018-09-18 10:34:18,1866
8,2021-01-13 07:13:22,2019-12-08 06:07:28,0,0,1,0,1,2018-08-14 18:24:34,2019-01-31 07:51:41,1981
9,2018-07-30 13:04:26,2018-07-27 11:25:01,0,0,1,0,4,2018-08-11 06:53:15,2018-09-17 14:26:50,1602
10,2023-01-28 16:54:52,2021-11-06 02:13:36,0,1,1,0,6,2018-11-14 08:21:30,2018-08-15 13:12:25,1104
11,2024-09-27 14:10:14,2021-05-29 16:50:04,1,0,1,0,4,2018-11-20 14:02:09,2018-05-21 12:31:18,1221
12,2024-06-20 17:04:25,2024-03-28 00:07:09,1,0,1,0,4,2018-05-14 07:03:12,2018-05-03 14:52:52,1565
13,2022-09-23 10:13:56,2018-09-15 23:42:16,0,0,1,0,5,2018-09-10 14:50:57,2018-11-27 22:38:25,1210
14,2021-04-22 09:00:09,2024-04-23 02:13:42,1,0,1,0,1,2018-04-29 20:40:55,2018-12-03 17:46:19,1055
15,2024-11-20 03:40:19,2018-04-27 15:51:18,1,0,1,0,4,2018-06-30 20:53:41,2018-10-08 09:06:14,1899
16,2020-06-28 13:50:28,2022-07-12 05:12:32,0,1,1,0,2,2018-10-25 11:58:26,2019-01-03 06:09:05,1462
17,2022-08-27 19:34:07,2021-12-09 06:18:58,1,0,1,0,5,2018-06-22 15:21:37,2018-07-13 12:07:09,1737
18,2023-09-27 13:33:19,2023-05-09 07:36:23,0,1,1,0,6,2019-02-01 14:20:43,2018-10-27 07:03:58,1164
19,2020-03-07 08:17:00,2022-01-03 01:38:45,0,0,1,0,4,2018-12-05 06:16:33,2018-06-15 23:30:40,1251
20,2021-07-15 01:13:14,2022-08-01 13:28:53,0,0,1,0,4,2018-07-24 20:01:45,2019-01-21 17:02:17,1460
21,2021-07-24 21:38:27,2022-01-02 21:26:04,1,0,1,0,5,2019-03-04 22:21:29,2018-06-21 22:31:55,1083
22,2023-10-05 02:27:20,2024-08-06 06:38:19,1,0,1,0,6,2018-04-22 21:56:14,2018-09-05 10:03:47,1502
23,2023-12-08 02:14:32,2025-02-06 02:44:38,0,0,1,0,6,2018-05-19 02:08:04,2018-04-04 08:32:16,1660
24,2024-07-04 16:42:11,2023-03-04 18:36:57,1,0,1,0,3,2018-12-17 15:36:15,2018-06-30 18:26:54,1551
25,2020-05-07 14:39:39,2020-08-03 13:53:49,1,0,1,0,3,2019-02-20 17:19:06,2018-08-20 02:31:56,1087
26,2018-12-12 12:02:47,2018-08-06 23:22:13,1,0,1,0,2,2018-04-30 20:44:41,2018-03-30 02:12:05,1405
27,2018-03-20 10:17:34,2019-04-11 22:28:43,1,0,1,0,4,2018-08-02 19:30:14,2018-12-29 14:45:28,1880
28,2022-02-05 00:32:53,2022-08-05 13:27:35,1,1,1,0,1,2018-12-01 13:53:39,2018-10-09 18:14:35,1057
29,2023-08-23 08:25:39,2024-12-31 08:28:09,0,0,1,0,4,2018-04-13 10:16:12,2019-01-05 08:19:53,1478
30,2019-10-26 21:37:15,2021-12-18 21:53:55,1,0,1,0,1,2018-04-24 02:02:59,2018-09-06 22:29:07,1695
31,2022-12-06 10:35:24,2019-11-13 14:57:30,0,0,1,0,2,2018-11-02 02:30:47,2019-01-12 05:35:52,1328
32,2020-10-06 09:53:42,2018-06-14 01:02:29,1,0,1,0,3,2018-05-14 05:43:22,2018-05-12 01:05:57,1156
33,2022-10-24 03:00:54,2020-08-17 21:47:58,0,0,1,0,1,2019-01-07 08:06:58,2018-07-09 07:05:54,1851
34,2021-09-05 12:43:44,2022-06-04 21:17:27,0,0,1,0,2,2018-07-20 13:19:37,2018-09-08 23:06:02,1498
35,2022-03-11 22:55:08,2019-08-05 12:33:17,1,0,1,0,5,2018-09-07 21:02:41,2019-01-22 17:08:47,1879
36,2022-05-13 16:20:37,2023-04-26 05:04:16,0,0,1,0,6,2019-02-20 05:53:18,2018-08-10 05:42:30,1245
37,2021-05-22 05:54:54,2023-03-26 22:31:23,1,0,1,0,6,2018-05-03 02:39:57,2018-04-13 13:52:47,1304
38,2019-12-05 08:12:13,2020-08-31 12:15:47,0,0,1,0,6,2018-08-07 11:59:06,2019-02-13 09:22:38,1859
39,2018-08-27 00:51:36,2021-11-01 01:23:35,0,0,1,0,4,2019-01-29 08:31:38,2018-06-22 11:39:58,1113
40,2025-02-11 22:30:33,2023-10-23 08:00:28,1,0,1,0,5,2018-06-22 18:12:50,2018-12-24 00:20:33,1789
41,2022-09-22 05:58:14,2023-09-27 19:50:03,0,0,1,0,5,2018-05-18 08:03:13,2018-12-18 22:00:25,1037
42,2022-12-19 00:06:48,2020-11-27 21:06:58,1,1,1,0,5,2018-08-07 23:00:46,2018-08-29 19:06:14,1731
43,2023-03-22 04:04:43,2023-06-27 15:41:05,0,0,1,0,3,2018-06-19 18:48:15,2019-01-30 07:29:19,1835
44,2023-01-15 08:24:21,2021-10-17 08:10:05,1,0,1,0,5,2018-12-12 18:50:53,2019-02-01 16:59:02,1849
45,2023-03-26 00:09:44,2020-01-10 00:07:28,1,0,1,0,2,2019-03-04 02:29:32,2019-03-04 12:51:45,1391
46,2020-09-27 10:26:05,2020-03-01 21:12:25,0,0,1,0,2,2018-11-24 13:25:13,2018-08-14 20:41:41,1510
47,2024-05-24 09:10:32,2021-02-11 20:17:38,1,0,1,0,5,2018-05-01 15:55:01,2018-10-12 01:51:57,1911
48,2019-01-21 02:34:57,2018-03-23 02:04:16,0,0,1,0,3,2018-08-18 11:48:25,2018-06-09 04:28:22,1979
49,2020-04-02 14:32:17,2024-07-07 05:09:19,0,0,1,0,6,2018-11-23 14:06:05,2018-12-10 16:14:41,1363
50,2019-05-30 11:15:22,2023-03-25 23:53:45,0,0,1,0,6,2019-03-04 16:31:27,2018-11-07 00:26:05,1085
51,2024-11-11 09:08:31,2023-09-08 10:22:49,1,0,1,0,6,2019-01-13 09:37:32,2018-06-04 23:48:53,1579
52,2024-09-30 05:19:24,2019-03-22 03:39:34,0,0,1,0,6,2018-06-23 05:26:37,2019-01-24 22:46:38,1937
53,2020-07-28 12:10:22,2018-08-10 11:39:01,1,0,1,0,3,2018-12-01 02:55:10,2018-12-23 05:39:34,1553
54,2024-12-15 03:03:42,2024-05-27 08:39:38,1,0,1,0,5,2018-03-30 20:50:54,2018-08-30 07:36:04,1207
55,2022-09-13 09:28:03,2025-03-07 08:21:05,1,0,1,0,5,2019-01-12 10:40:32,2018-06-15 18:56:22,1640
56,2023-05-22 01:42:04,2020-11-03 20:29:07,0,0,1,0,2,2018-10-07 15:19:28,2018-04-06 05:38:29,1632
57,2020-10-23 19:27:54,2021-11-14 18:10:44,1,0,1,0,1,2018-06-25 19:59:09,2018-09-23 23:13:10,1112
58,2023-08-02 08:58:45,2019-01-31 21:02:46,0,0,1,0,4,2018-11-21 14:10:15,2019-02-23 02:20:54,1773
59,2022-07-10 01:56:03,2023-04-20 04:57:09,1,0,1,0,5,2018-11-30 03:45:05,2019-01-02 15:58:56,1988
60,2020-01-09 06:46:07,2025-02-10 13:29:39,0,1,1,0,6,2018-04-14 12:57:20,2018-04-13 11:25:44,1482
61,2024-08-15 06:22:10,2018-04-16 06:09:21,1,0,1,0,6,2019-02-22 05:07:23,2018-04-12 13:33:04,1884
62,2018-05-25 19:27:29,2021-09-24 13:55:49,0,0,1,0,6,2018-11-29 07:30:13,2019-01-17 10:52:16,1699
63,2020-01-26 12:32:16,2021-08-04 04:01:12,1,1,1,0,5,2019-03-02 11:18:24,2018-11-10 15:49:59,1750
64,2022-08-24 19:19:37,2025-03-01 00:50:33,0,0,1,0,3,2018-06-06 10:03:52,2018-12-24 16:49:57,1108
65,2021-06-07 05:37:54,2020-09-18 09:11:45,0,0,1,0,6,2018-12-23 01:10:35,2018-07-19 10:21:39,1696
66,2021-08-05 14:12:21,2024-08-23 21:24:48,1,0,1,0,1,2018-03-23 10:31:43,2018-12-21 14:29:51,1821
67,2020-10-06 14:16:25,2022-04-14 13:13:17,0,0,1,0,4,2018-09-02 01:22:19,2018-09-08 20:46:53,1335
68,2023-12-19 03:19:05,2023-12-18 21:59:33,0,0,1,0,6,2018-07-29 03:19:21,2018-08-11 13:01:47,1317
69,2022-04-24 12:29:03,2020-02-04 16:51:55,0,0,1,0,1,2018-06-07 08:00:13,2018-09-17 14:37:14,1479
70,2018-08-28 14:59:55,2023-09-05 19:52:55,0,0,1,0,6,2018-08-19 20:41:29,2018-06-28 22:34:41,1541
71,2018-09-20 04:36:07,2019-05-06 17:55:47,0,0,1,0,5,2018-10-26 08:01:59,2018-07-07 07:03:16,1352
72,2020-09-15 06:52:00,2021-12-03 21:12:18,1,0,1,0,1,2018-05-05 02:34:33,2018-12-28 11:35:34,1763
73,2022-07-12 00:54:16,2022-02-05 05:53:25,0,0,1,0,4,2018-07-02 07:15:10,2019-01-28 22:54:15,1108
74,2024-08-27 05:51:31,2023-07-28 21:12:39,1,0,1,0,5,2018-05-21 06:53:24,2018-04-21 02:50:02,1281
75,2023-06-04 20:19:09,2024-01-25 04:02:42,0,0,1,0,4,2018-03-27 13:40:49,2019-03-07 14:44:10,1202
76,2019-06-04 00:37:20,2018-09-21 00:07:22,0,0,1,0,1,2018-09-24 07:51:56,2018-04-20 07:39:26,1989
77,2019-12-18 21:23:40,2022-08-25 15:04:54,1,0,1,0,6,2018-12-30 23:17:14,2019-02-18 11:43:24,1062
78,2018-04-25 18:28:58,2021-03-24 06:47:10,1,0,1,0,2,2018-10-08 14:42:59,2019-02-01 07:07:20,1044
79,2024-07-12 12:31:42,2021-04-16 23:32:05,0,0,1,0,1,2018-09-04 21:25:42,2018-10-02 01:19:31,1699
80,2018-08-23 09:01:38,2024-03-05 00:45:49,0,1,1,0,1,2018-10-19 10:10:58,2018-04-12 16:37:15,1172
81,2018-07-13 12:03:50,2019-03-04 20:24:15,1,1,1,0,6,2018-08-12 02:46:46,2018-09-12 23:43:18,1323
82,2019-11-07 05:30:47,2023-01-28 18:20:24,1,0,1,0,5,2018-12-21 02:41:43,2018-06-23 21:18:29,1448
83,2023-09-30 08:02:20,2023-04-01 16:34:37,1,0,1,0,2,2018-12-29 14:05:03,2018-06-06 12:39:19,1012
84,2020-02-17 00:35:59,2022-08-28 14:38:32,0,0,1,0,5,2018-06-17 04:06:33,2018-10-10 22:43:19,1873
85,2021-01-04 17:12:42,2022-09-08 23:23:57,0,0,1,0,1,2018-07-31 23:25:58,2018-05-10 08:43:24,1620
86,2022-11-29 15:36:11,2020-12-02 06:18:20,1,0,1,0,6,2018-07-17 17:45:51,2018-09-12 00:16:05,1172
87,2018-05-07 16:40:38,2019-03-10 09:42:40,1,0,1,0,5,2018-10-07 14:04:36,2018-07-16 21:21:42,1574
88,2022-01-02 00:08:51,2023-02-02 22:00:37,0,1,1,0,3,2018-05-24 09:05:52,2018-10-17 03:38:46,1001
89,2019-05-23 17:10:09,2024-05-17 02:28:01,0,0,1,0,5,2018-09-04 10:43:01,2018-08-14 11:00:03,1806
90,2023-11-27 00:28:36,2019-07-27 22:30:35,0,1,1,0,2,2018-07-28 23:12:54,2018-05-15 20:46:50,1446
91,2020-09-05 09:10:49,2019-03-01 02:35:28,0,0,1,0,1,2018-05-07 14:02:23,2018-03-08 20:20:31,1864
92,2023-04-02 18:32:48,2018-04-26 21:55:30,0,0,1,0,1,2019-01-10 13:09:21,2018-12-26 10:31:19,1006
93,2025-01-31 02:49:01,2019-03-01 03:40:17,1,0,1,0,4,2018-08-21 16:43:01,2018-07-14 20:33:00,1969
94,2024-03-26 22:02:15,2021-05-18 03:02:30,0,1,1,0,2,2018-06-12 02:20:56,2019-01-03 14:34:28,1410
95,2020-06-20 04:44:25,2023-03-10 23:52:20,1,0,1,0,1,2018-12-16 09:11:41,2018-05-30 17:10:30,1110
96,2020-07-18 06:03:52,2020-11-19 07:03:58,1,0,1,0,5,2019-02-05 01:51:13,2019-02-15 09:29:00,1600
97,2023-10-14 02:43:17,2021-07-14 11:05:52,1,0,1,0,6,2018-07-30 15:57:49,2018-11-06 19:33:54,1622
98,2020-01-15 08:13:55,2021-07-09 09:32:35,1,0,1,0,4,2018-11-10 19:33:24,2018-10-24 13:24:49,1681
99,2020-08-20 14:11:43,2020-10-28 04:21:34,0,1,1,0,1,2018-04-28 08:09:01,2018-03-25 01:13:21,1877
100,2021-09-27 03:09:23,2019-11-15 16:29:25,1,0,1,0,3,2018-11-14 13:43:21,2018-03-16 04:45:37,1115
101,2020-04-30 13:21:10,2019-04-06 09:17:33,1,0,1,0,2,2019-02-22 13:42:12,2019-02-07 22:52:06,1753
102,2019-09-21 19:18:53,2021-10-04 15:08:57,0,0,1,0,1,2019-01-19 11:06:25,2018-09-30 13:58:22,1998
103,2024-07-13 15:25:01,2018-07-11 14:03:00,0,0,1,0,5,2019-02-19 18:45:07,2018-04-07 11:47:57,1885
104,2021-06-09 05:11:27,2024-01-14 00:03:30,0,1,1,0,6,2018-03-18 02:49:02,2018-08-17 06:43:03,1242
105,2021-01-09 00:40:29,2019-10-26 14:05:50,1,0,1,0,6,2018-06-02 17:21:34,2018-06-03 21:20:18,1695
106,2021-08-29 09:00:18,2019-08-30 12:13:33,0,0,1,0,3,2019-01-03 16:18:06,2018-10-13 20:37:16,1070
107,2022-07-13 14:40:08,2018-08-03 14:47:08,0,0,1,0,2,2018-04-10 04:01:33,2019-01-04 09:12:26,1308
108,2024-01-18 16:49:31,2023-10-02 22:56:31,1,0,1,0,2,2019-02-08 18:14:28,2019-01-27 00:53:23,1521
109,2024-06-15 09:48:46,2019-06-15 10:00:02,1,0,1,0,5,2019-02-04 04:14:15,2018-08-31 09:36:12,1785
110,2022-08-13 09:13:54,2023-04-21 07:15:38,0,0,1,0,4,2018-12-21 02:21:14,2018-05-19 00:11:39,1655
111,2019-11-07 22:43:45,2021-02-07 19:32:53,1,0,1,0,5,2019-01-21 11:57:57,2018-07-29 19:46:19,1280
112,2020-02-13 13:39:32,2023-05-16 23:21:04,0,0,1,0,1,2018-05-20 15:28:13,2018-12-27 07:22:19,1050
113,2019-10-13 14:56:44,2019-07-08 05:35:37,0,0,1,0,5,2018-09-02 02:27:11,2018-09-26 08:03:47,1304
114,2023-10-05 21:31:55,2020-09-11 00:54:46,0,0,1,0,5,2018-09-20 18:42:47,2018-10-12 08:00:27,1330
115,2018-11-09 05:56:13,2020-10-26 15:23:05,0,0,1,0,4,2019-02-24 09:59:49,2019-02-17 14:51:29,1181
116,2023-08-29 13:25:06,2022-04-23 05:40:18,1,0,1,0,2,2018-09-29 16:21:42,2018-10-17 09:37:30,1046
117,2021-02-09 00:36:07,2023-08-06 19:52:56,0,1,1,0,6,2018-09-04 19:58:07,2018-07-29 00:14:23,1123
118,2022-08-30 09:13:17,2024-05-30 12:38:47,1,0,1,0,6,2019-03-05 14:26:41,2018-09-03 12:05:39,1333
119,2022-08-15 08:51:23,2021-09-03 08:15:40,0,0,1,0,4,2018-12-01 01:35:41,2018-12-23 05:08:28,1041
120,2019-11-30 16:48:44,2022-09-24 11:21:50,1,0,1,0,5,2018-09-23 08:57:24,2018-04-25 14:35:23,1191
121,2019-09-04 14:23:15,2022-11-18 13:10:52,1,1,1,0,5,2018-05-20 00:44:21,2018-06-27 01:31:34,1877
122,2019-11-14 17:07:05,2018-11-02 08:32:43,0,0,1,0,1,2019-01-12 00:27:13,2018-08-21 13:22:10,1405
123,2023-10-28 03:17:18,2024-09-25 21:17:47,0,0,1,0,3,2018-11-24 14:35:31,2018-10-22 06:31:16,1507
124,2021-08-24 11:53:47,2018-09-03 01:46:54,1,0,1,0,5,2018-06-23 00:03:20,2018-12-06 05:36:59,1097
125,2022-07-14 08:17:36,2018-09-03 09:26:00,0,0,1,0,5,2018-07-25 01:09:42,2018-09-27 13:14:22,1157
126,2018-11-05 18:40:26,2022-10-18 23:15:09,0,0,1,0,5,2018-07-27 11:41:03,2019-01-30 16:37:30,1029
127,2023-03-19 05:31:25,2022-06-29 06:18:22,1,0,1,0,4,2018-04-06 13:00:33,2018-11-09 20:36:43,1591
128,2019-01-10 19:08:11,2020-11-22 00:20:58,1,0,1,0,4,2018-10-06 09:27:00,2018-11-26 13:29:56,1690
129,2020-02-11 10:16:37,2019-01-07 03:28:25,1,0,1,0,6,2018-09-17 07:01:24,2018-06-27 16:20:25,1646
130,2022-02-07 06:53:36,2024-06-01 11:27:12,1,1,1,0,2,2018-10-07 02:05:59,2018-06-29 01:01:35,1810
131,2021-09-29 05:17:29,2019-04-26 17:52:48,1,0,1,0,5,2018-11-25 13:06:15,2018-11-13 09:22:03,1281
132,2024-11-26 20:06:56,2022-10-24 21:03:56,0,0,1,0,6,2019-02-21 07:39:27,2018-10-04 15:44:42,1478
133,2021-04-26 16:58:02,2024-01-28 03:18:51,1,0,1,0,1,2018-04-03 08:03:35,2018-05-21 06:29:57,1970
134,2024-12-10 18:39:54,2023-05-12 19:10:02,0,0,1,0,5,2018-06-16 20:11:29,2019-01-04 15:23:48,1237
135,2022-10-06 18:17:10,2019-11-14 00:01:45,0,0,1,0,1,2019-01-31 11:26:27,2018-10-31 04:00:37,1715
136,2022-04-10 05:22:35,2019-12-12 10:42:25,1,0,1,0,6,2018-07-13 04:11:09,2018-07-26 10:48:48,1258
137,2018-05-08 21:09:39,2021-05-03 08:04:36,1,0,1,0,5,2019-01-12 00:26:48,2018-11-02 09:44:31,1492
138,2021-12-14 05:34:00,2024-07-31 12:23:50,0,0,1,0,5,2018-05-09 09:53:45,2018-09-02 13:37:00,1603
139,2018-08-09 14:08:15,2020-06-21 03:03:07,0,1,1,0,3,2018-07-31 13:57:13,2018-11-23 00:59:58,1440
140,2018-04-05 06:24:55,2019-05-25 13:40:55,1,0,1,0,2,2018-07-17 18:52:54,2018-11-04 05:14:46,1834
141,2023-06-01 14:33:50,2023-12-26 09:42:26,1,0,1,0,3,2019-01-31 05:09:25,2018-11-25 03:32:38,1181
142,2023-05-03 08:37:34,2020-08-27 19:02:21,0,0,1,0,1,2018-07-13 14:48:07,2018-07-28 06:56:30,1658
143,2022-05-15 04:47:59,2020-10-21 03:27:35,1,0,1,0,4,2018-12-18 04:37:11,2019-02-28 00:41:52,1784
144,2021-09-28 09:10:53,2023-12-11 19:21:25,0,0,1,0,5,2018-09-25 04:42:41,2018-12-28 05:39:39,1561
145,2020-09-11 05:04:01,2022-01-04 16:46:39,1,0,1,0,2,2019-02-12 05:47:24,2019-02-05 11:02:00,1250
146,2021-06-30 10:35:26,2024-04-22 02:14:42,1,0,1,0,1,2018-05-01 05:34:23,2018-06-22 06:04:34,1702
147,2024-06-23 17:13:27,2024-09-14 00:48:53,0,0,1,0,6,2018-10-13 08:28:44,2018-08-31 10:35:15,1469
148,2021-09-01 04:16:12,2019-05-03 10:59:02,0,0,1,0,3,2018-11-29 06:33:46,2018-11-13 16:06:23,1133
149,2023-11-07 06:19:25,2024-04-22 12:27:25,0,0,1,0,6,2019-01-27 02:09:44,2019-01-10 08:08:01,1537
150,2019-08-31 02:34:41,2023-07-03 05:16:34,1,0,1,0,2,2019-02-13 03:20:52,2018-08-18 02:32:19,1834
151,2019-04-17 08:07:06,2019-02-01 18:22:39,0,0,1,0,3,2018-12-28 17:20:03,2018-06-15 10:03:08,1542
152,2023-09-20 02:18:55,2019-07-31 02:26:51,1,0,1,0,1,2019-02-22 15:01:29,2018-05-08 22:40:57,1034
153,2021-03-11 06:25:25,2019-07-03 06:41:26,1,0,1,0,2,2018-05-26 14:17:30,2018-04-16 11:25:40,1742
154,2024-03-29 08:30:20,2023-05-08 23:59:36,1,1,1,0,4,2018-09-25 11:06:39,2019-02-20 07:31:42,1833
155,2023-01-10 05:19:21,2019-09-15 02:06:48,1,0,1,0,4,2019-01-17 20:22:32,2018-05-04 23:41:28,1356
156,2024-09-17 01:46:08,2018-12-29 09:22:42,1,0,1,0,4,2018-12-25 11:04:03,2019-01-04 04:39:34,1073
157,2018-12-14 12:24:39,2022-04-01 18:11:42,1,1,1,0,6,2018-07-07 06:13:19,2018-06-10 04:08:23,1618
158,2024-03-06 08:52:48,2020-02-11 08:44:46,1,0,1,0,5,2018-03-29 01:57:17,2018-03-12 10:17:14,1369
159,2020-03-06 14:49:13,2021-06-17 05:42:55,1,0,1,0,5,2019-02-02 05:26:26,2018-09-25 12:43:31,1837
160,2022-12-10 11:14:49,2022-03-08 22:02:30,0,0,1,0,5,2018-04-17 17:05:00,2018-09-03 21:27:07,1118
161,2019-09-03 05:40:06,2019-04-23 20:34:57,1,0,1,0,4,2018-04-04 03:18:04,2018-08-28 12:01:10,1455
162,2020-05-03 22:39:43,2025-01-13 08:39:15,1,0,1,0,5,2018-03-14 09:38:04,2019-01-27 12:22:27,1359
163,2019-03-25 03:58:31,2022-11-23 04:51:16,1,0,1,0,3,2018-06-19 16:04:13,2018-09-22 19:48:25,1259
164,2022-11-24 12:12:38,2022-01-12 19:50:58,0,0,1,0,4,2018-05-11 14:03:28,2018-03-28 09:59:04,1552
165,2020-03-11 08:10:12,2018-07-17 00:05:04,1,0,1,0,4,2018-12-16 16:15:20,2018-07-30 21:07:18,1369
166,2018-08-20 03:35:18,2022-04-14 16:27:01,0,1,1,0,2,2018-03-11 04:59:47,2019-01-17 00:01:00,1536
167,2023-11-28 14:23:23,2023-07-24 00:33:38,1,0,1,0,5,2018-08-01 06:05:44,2018-06-29 02:59:09,1357
168,2021-08-20 10:52:00,2018-03-18 01:50:10,0,0,1,0,5,2018-12-23 22:50:11,2019-03-06 09:12:50,1427
169,2018-09-08 14:10:21,2018-11-17 03:10:55,0,0,1,0,1,2018-10-15 06:07:35,2018-09-24 14:43:42,1059
170,2024-10-18 16:59:58,2021-03-23 10:57:03,1,0,1,0,1,2018-09-04 18:02:00,2018-04-29 20:50:13,1970
171,2025-02-28 10:39:16,2021-01-22 11:52:16,0,0,1,0,5,2018-09-03 11:05:50,2019-01-04 21:31:16,1827
172,2022-08-06 03:48:54,2018-03-24 13:09:56,1,0,1,0,4,2019-01-02 00:23:36,2018-07-20 18:18:11,1389
173,2020-08-11 21:25:33,2020-04-08 02:57:58,0,0,1,0,6,2018-09-14 05:19:26,2019-03-07 00:26:39,1389
174,2021-03-08 12:46:51,2020-12-02 15:55:35,0,0,1,0,4,2018-10-29 16:34:35,2018-04-05 11:31:44,1334
175,2019-10-30 17:21:47,2023-08-18 23:25:59,0,0,1,0,1,2018-10-18 03:05:47,2018-05-05 08:48:02,1578
176,2020-10-12 19:09:42,2021-06-18 13:34:52,1,0,1,0,6,2018-09-30 04:29:46,2018-08-17 12:58:29,1030
177,2020-08-19 16:47:08,2018-04-30 11:15:24,1,0,1,0,6,2018-12-13 19:58:09,2018-04-02 17:07:57,1903
178,2024-06-03 19:43:12,2025-01-04 15:56:13,0,1,1,0,1,2018-03-29 18:19:37,2019-02-19 02:08:51,1069
179,2021-12-07 06:12:03,2022-09-28 03:33:59,1,0,1,0,5,2018-04-19 09:24:08,2018-06-27 21:24:52,1533
180,2020-12-01 05:47:45,2020-11-18 19:38:38,1,0,1,0,4,2018-08-02 17:15:30,2018-06-05 02:03:23,1081
181,2021-08-14 10:46:14,2019-02-19 03:27:30,0,1,1,0,2,2018-06-09 06:57:30,2018-04-10 03:23:38,1789
182,2022-10-18 19:23:30,2023-11-08 06:36:53,1,0,1,0,5,2019-01-02 19:33:33,2018-10-25 03:09:54,1787
183,2020-12-07 10:08:47,2022-09-13 10:50:01,1,0,1,0,5,2018-03-19 16:49:44,2019-01-06 00:37:41,1385
184,2018-06-21 10:06:38,2021-11-13 13:55:28,1,0,1,0,3,2018-11-23 02:48:35,2019-03-07 19:59:43,1879
185,2021-12-17 06:36:41,2024-11-29 01:58:52,0,0,1,0,3,2019-01-30 19:45:12,2019-02-12 21:11:06,1730
186,2019-09-07 12:52:19,2018-11-21 15:03:56,0,1,1,0,4,2018-11-02 21:26:11,2018-08-17 23:18:09,1312
187,2020-03-22 13:40:36,2021-11-21 05:40:14,1,0,1,0,5,2018-11-26 14:27:29,2018-10-24 03:32:12,1930
188,2018-06-16 03:22:00,2022-09-17 13:56:50,1,0,1,0,5,2018-04-20 08:27:41,2018-03-09 10:22:21,1926
189,2018-07-07 20:42:21,2022-11-26 13:31:32,0,0,1,0,6,2018-06-30 20:22:53,2018-08-04 12:54:02,1191
190,2018-11-25 21:16:12,2020-03-22 02:09:16,0,0,1,0,3,2018-09-09 20:54:17,2018-05-11 14:50:55,1690
191,2022-05-13 22:33:58,2020-08-06 18:07:00,1,1,1,0,2,2018-07-29 06:58:57,2018-03-13 07:48:13,1848
192,2019-07-22 06:57:03,2019-06-18 21:12:54,1,0,1,0,4,2018-09-06 14:54:46,2018-04-08 23:26:24,1280
193,2020-02-18 08:55:48,2024-12-03 05:52:07,1,1,1,0,4,2018-04-23 06:03:26,2018-09-04 16:49:24,1648
194,2021-01-14 20:03:30,2020-04-27 21:54:20,0,0,1,0,5,2018-07-01 18:26:47,2018-10-15 18:27:41,1175
195,2019-11-11 21:53:19,2018-12-05 17:50:58,0,0,1,0,2,2018-11-21 19:21:10,2019-01-07 09:59:22,1162
196,2023-11-02 23:13:21,2022-10-18 20:44:56,0,0,1,0,1,2018-05-02 22:03:14,2018-05-30 07:56:52,1561
197,2022-08-12 13:37:35,2023-08-23 12:21:03,0,0,1,0,3,2019-02-17 17:05:29,2019-03-07 05:26:55,1520
198,2024-11-04 20:20:41,2022-04-30 00:54:41,0,0,1,0,1,2018-06-19 10:15:21,2018-10-15 06:18:29,1347
199,2019-04-27 17:01:44,2022-04-01 03:51:23,1,0,1,0,3,2019-01-23 18:07:02,2018-10-12 05:29:12,1373
200,2024-12-18 11:02:40,2019-01-17 09:52:41,0,0,1,0,5,2018-04-13 02:53:10,2018-04-29 09:15:16,1708
201,2023-03-09 19:45:12,2021-06-04 10:21:09,1,0,1,0,4,2018-08-17 06:49:02,2019-02-07 10:18:48,1116
202,2024-01-26 12:35:53,2018-05-01 06:15:34,1,0,1,0,3,2018-08-07 22:17:04,2018-10-10 03:24:08,1273
203,2024-01-11 01:46:12,2023-10-21 13:47:51,1,0,1,0,5,2019-01-26 22:40:43,2019-02-24 10:21:06,1655
204,2023-02-22 07:09:07,2019-08-13 10:17:41,1,1,1,0,5,2018-10-14 15:39:27,2018-05-23 22:22:08,1258
205,2019-09-07 02:12:17,2021-02-13 04:48:04,1,0,1,0,5,2018-04-23 23:11:55,2018-05-05 14:56:13,1366
206,2022-12-26 04:05:01,2020-03-19 05:39:22,0,0,1,0,2,2018-07-12 17:12:18,2018-03-25 01:25:36,1230
207,2018-04-18 11:08:56,2023-07-26 18:12:56,0,0,1,0,5,2019-01-30 13:24:26,2018-04-24 10:19:22,1027
208,2024-10-04 07:41:39,2024-02-17 07:32:08,0,0,1,0,2,2018-08-03 22:02:15,2018-07-02 16:57:59,1633
209,2024-04-04 12:24:44,2023-12-09 02:45:42,0,0,1,0,4,2018-07-26 06:36:10,2018-08-29 15:47:12,1692
210,2024-08-09 02:34:07,2023-08-08 16:01:46,1,0,1,0,6,2018-03-24 00:33:33,2018-08-30 07:41:17,1180
211,2024-08-11 16:43:06,2022-04-28 13:34:04,0,0,1,0,2,2019-01-03 02:18:06,2018-07-05 19:19:29,1778
212,2019-12-18 23:06:16,2020-01-17 05:45:47,1,0,1,0,6,2018-03-23 23:07:08,2018-11-07 06:26:29,1803
213,2021-11-20 21:13:18,2021-05-26 03:30:19,1,1,1,0,1,2018-09-11 02:09:35,2018-10-26 10:18:41,1472
214,2023-07-28 07:03:22,2021-09-05 09:45:57,0,0,1,0,2,2018-08-26 09:40:31,2018-03-19 03:40:32,1075
215,2018-12-07 23:33:06,2023-09-21 04:47:33,1,0,1,0,3,2018-11-09 05:49:53,2018-05-31 13:14:38,1084
216,2023-01-11 11:36:04,2023-10-10 15:05:45,1,0,1,0,4,2019-02-03 21:52:45,2018-12-14 07:39:02,1114
217,2022-08-16 16:29:54,2020-05-13 04:28:38,1,0,1,0,5,2018-05-14 08:23:49,2018-04-20 18:24:22,1073
218,2023-01-21 14:09:33,2024-12-20 20:37:29,1,1,1,0,4,2018-11-13 15:34:02,2018-12-20 21:03:29,1129
219,2020-09-13 09:28:51,2019-06-29 03:13:33,0,1,1,0,3,2018-08-22 08:38:18,2019-03-06 21:04:01,1622
220,2023-08-07 03:52:20,2021-08-19 21:46:56,0,0,1,0,4,2018-03-27 10:04:26,2018-04-10 12:49:51,1418
221,2018-10-02 02:27:32,2021-11-30 14:51:06,0,0,1,0,5,2019-01-30 07:51:23,2018-04-18 16:12:56,1602
222,2023-10-25 15:33:12,2018-06-26 05:32:34,0,0,1,0,6,2018-07-19 08:38:11,2019-01-09 03:21:45,1209
223,2024-01-22 17:44:53,2018-08-17 21:44:29,1,0,1,0,6,2018-12-25 13:21:59,2018-04-17 19:32:01,1106
224,2021-06-08 14:58:24,2021-10-21 15:36:43,1,0,1,0,3,2018-09-15 05:26:35,2018-11-29 14:55:09,1621
225,2018-08-11 00:19:03,2021-08-16 20:23:56,0,0,1,0,3,2018-09-22 16:56:12,2018-11-18 06:55:09,1767
226,2024-04-25 18:29:38,2020-02-27 12:23:10,1,0,1,0,6,2018-10-28 22:05:16,2019-02-25 12:14:22,1365
227,2022-09-13 20:08:50,2025-03-01 20:43:49,1,0,1,0,4,2018-12-31 23:31:31,2018-09-12 10:32:09,1572
228,2020-12-20 11:29:50,2024-12-19 04:43:44,0,0,1,0,4,2019-02-12 07:55:05,2018-05-03 19:32:26,1748
229,2019-10-17 07:39:49,2021-03-05 18:09:50,0,0,1,0,2,2018-12-01 20:56:39,2018-11-07 11:24:44,1575
230,2018-10-27 22:39:40,2019-04-16 01:24:41,1,0,1,0,2,2018-04-03 08:55:34,2018-08-20 02:47:43,1514
231,2019-09-05 15:23:34,2024-03-01 05:31:46,0,0,1,0,6,2018-11-05 19:43:04,2018-12-15 05:13:31,1782
232,2021-10-27 14:14:00,2019-05-07 21:28:53,1,0,1,0,1,2018-06-16 16:18:59,2018-08-02 00:43:25,1364
233,2018-09-15 04:28:58,2018-05-03 00:13:15,1,0,1,0,6,2018-07-12 14:46:56,2018-05-14 20:42:32,1896
234,2022-09-23 15:28:12,2019-01-01 10:53:24,0,0,1,0,6,2018-09-25 09:35:58,2018-08-20 03:16:19,1607
235,2022-12-15 03:25:20,2018-07-03 02:32:38,0,0,1,0,3,2018-09-22 08:59:05,2018-08-17 05:25:41,1239
236,2024-11-16 01:25:23,2020-08-05 02:08:08,1,0,1,0,6,2018-04-29 22:43:08,2018-05-24 15:19:43,1804
237,2024-06-27 12:52:40,2021-04-27 21:17:32,1,0,1,0,3,2018-10-01 01:31:10,2018-11-17 21:33:34,1218
238,2018-06-15 21:24:51,2021-03-07 20:31:55,1,0,1,0,5,2018-07-04 13:11:39,2018-07-26 00:29:10,1591
239,2019-09-08 10:43:25,2018-07-09 16:34:58,1,0,1,0,3,2018-12-15 15:24:52,2018-09-08 23:04:55,1695
240,2024-08-10 18:41:03,2022-03-09 02:00:32,1,0,1,0,2,2018-06-27 11:56:35,2018-07-02 00:57:20,1568
241,2023-04-11 01:04:48,2020-05-22 18:53:46,0,0,1,0,5,2018-07-09 21:55:01,2018-07-13 16:47:18,1680
242,2019-09-05 16:23:40,2022-07-13 17:52:16,1,0,1,0,4,2018-04-17 05:32:06,2019-01-02 18:06:34,1539
243,2020-05-31 03:22:56,2023-07-24 02:10:42,1,0,1,0,3,2018-12-07 17:26:48,2019-02-18 02:56:21,1159
244,2018-12-26 20:22:44,2020-07-31 16:08:33,0,0,1,0,2,2018-10-14 19:27:55,2018-11-28 13:48:20,1641
245,2023-04-20 11:12:42,2021-12-23 23:12:35,0,1,1,0,2,2018-12-23 03:21:07,2018-12-06 21:20:41,1204
246,2022-02-22 16:25:40,2021-03-20 06:24:16,1,0,1,0,5,2018-04-15 07:30:17,2018-10-05 00:44:54,1375
247,2022-11-30 15:53:35,2024-08-26 16:21:36,1,0,1,0,6,2018-03-13 20:18:01,2018-08-14 23:09:28,1938
248,2022-07-09 23:37:55,2021-12-22 08:39:55,1,0,1,0,3,2019-02-05 17:46:36,2018-10-29 11:11:07,1543
249,2021-08-07 16:48:57,2025-02-05 05:05:10,1,0,1,0,2,2018-08-02 17:44:50,2019-02-28 15:50:17,1006
250,2021-05-05 19:31:17,2023-09-13 02:21:45,0,0,1,0,1,2018-07-06 21:33:14,2018-06-11 11:27:12,1617
251,2018-08-22 17:16:30,2023-12-08 12:45:46,1,0,1,0,6,2018-07-27 10:16:00,2018-06-02 10:42:51,1761
252,2023-07-05 16:29:29,2019-04-12 19:33:39,0,1,1,0,2,2018-05-15 09:28:39,2019-01-13 02:36:50,1483
253,2022-12-03 19:02:25,2025-03-06 04:11:48,0,0,1,0,3,2019-02-27 15:47:39,2018-09-30 09:50:24,1720
254,2018-11-12 12:57:52,2020-03-16 16:47:12,1,0,1,0,5,2018-06-13 10:15:13,2019-02-15 15:57:09,1447
255,2018-05-21 15:20:31,2020-08-16 09:37:08,0,0,1,0,3,2018-08-12 14:41:05,2018-11-11 21:26:52,1661
256,2021-01-02 09:10:30,2020-11-06 14:08:13,1,0,1,0,3,2019-03-05 07:03:15,2018-03-29 18:55:31,1167
257,2018-11-24 09:52:46,2022-06-02 19:17:54,0,0,1,0,3,2018-07-03 12:52:59,2018-11-30 12:49:08,1890
258,2021-09-22 12:07:36,2018-12-08 06:19:55,1,0,1,0,4,2019-01-19 16:19:45,2018-10-25 22:50:44,1738
259,2021-05-13 13:02:16,2021-11-26 15:51:35,0,0,1,0,5,2018-10-14 14:37:22,2018-05-28 17:21:51,1772
260,2021-03-22 08:42:30,2018-11-21 17:03:24,1,0,1,0,3,2018-05-04 18:56:55,2018-04-05 06:54:29,1478
261,2019-02-13 04:22:57,2019-03-10 07:33:16,0,0,1,0,6,2018-03-26 17:04:33,2018-11-06 22:56:35,1795
262,2019-02-25 11:31:27,2020-01-09 23:08:09,0,0,1,0,3,2018-09-24 01:32:30,2018-10-08 17:28:58,1414
263,2020-12-10 10:20:55,2018-03-22 12:17:54,0,0,1,0,6,2018-12-20 18:59:57,2018-06-23 20:53:34,1244
264,2018-05-01 06:10:45,2018-04-24 15:11:16,0,0,1,0,2,2018-10-11 21:33:54,2018-11-15 16:04:22,1283
265,2023-05-03 22:04:11,2023-06-05 20:55:54,0,0,1,0,6,2018-03-31 08:46:54,2018-03-10 16:47:14,1300
266,2018-09-05 15:27:26,2018-10-09 10:18:28,1,1,1,0,1,2018-03-12 15:34:21,2018-07-09 16:57:17,1789
267,2024-10-24 02:14:29,2019-02-06 21:49:40,1,0,1,0,4,2018-05-20 02:39:02,2018-06-13 03:32:19,1928
268,2021-05-02 20:01:33,2019-12-16 18:49:04,0,0,1,0,6,2018-04-01 20:15:24,2018-06-27 10:16:43,1953
269,2021-06-01 05:22:15,2022-09-08 09:24:14,0,0,1,0,4,2018-10-12 02:53:59,2019-03-05 21:01:58,1844
270,2021-11-17 17:59:57,2019-07-20 14:17:05,1,1,1,0,5,2019-01-04 00:50:20,2018-07-07 21:36:32,1694
271,2019-09-20 13:25:34,2019-05-15 09:47:10,1,0,1,0,4,2018-08-31 18:37:22,2018-10-05 12:25:06,1717
272,2021-03-13 20:12:30,2019-11-15 12:46:47,1,0,1,0,5,2018-06-26 01:17:47,2019-01-05 11:37:35,1477
273,2019-11-14 19:11:53,2024-07-11 12:42:39,1,0,1,0,2,2018-12-05 17:25:07,2019-02-03 21:34:52,1092
274,2024-04-25 03:55:12,2018-09-20 19:35:36,0,0,1,0,4,2018-10-09 22:38:41,2018-11-21 03:02:27,1706
275,2020-08-07 11:14:25,2022-03-10 11:26:44,1,0,1,0,6,2018-03-10 19:25:14,2018-07-15 18:59:36,1880
276,2021-01-18 00:16:08,2023-12-18 16:36:34,0,0,1,0,4,2018-07-03 09:24:47,2019-02-12 00:22:43,1461
277,2022-08-11 03:17:01,2020-09-13 01:41:14,0,0,1,0,4,2018-09-10 07:54:13,2018-07-14 09:53:24,1546
278,2025-02-19 18:01:07,2019-04-22 01:06:07,0,0,1,0,2,2018-06-22 11:52:19,2019-01-26 08:29:25,1532
279,2019-02-02 04:48:18,2024-06-05 04:15:19,1,1,1,0,6,2018-10-29 22:51:15,2018-07-10 05:25:31,1270
280,2018-08-30 06:06:21,2021-09-21 08:32:21,0,0,1,0,6,2018-06-27 01:30:39,2018-12-07 20:23:02,1755
281,2018-08-04 14:49:12,2020-11-02 09:03:52,0,0,1,0,5,2018-09-06 05:00:56,2018-04-03 07:09:22,1941
282,2018-09-25 06:39:30,2020-05-09 20:35:47,0,0,1,0,1,2018-12-04 21:14:12,2019-02-13 05:46:17,1009
283,2024-11-11 06:41:36,2022-08-19 15:29:16,0,0,1,0,4,2018-11-15 14:53:11,2018-10-29 10:16:27,1184
284,2021-05-24 08:55:11,2023-02-18 08:01:48,1,1,1,0,2,2018-04-11 09:12:26,2018-06-27 22:39:40,1274
285,2019-01-23 10:38:50,2024-04-28 20:26:30,1,0,1,0,2,2018-06-28 11:08:15,2018-09-24 08:22:03,1049
286,2019-03-06 06:27:38,2020-04-30 16:06:23,0,0,1,0,6,2018-10-08 10:25:52,2018-05-24 05:18:07,1974
287,2021-02-16 17:31:06,2020-11-16 22:15:53,1,0,1,0,5,2018-07-22 01:27:12,2018-04-14 17:40:10,1973
288,2025-02-28 12:26:30,2024-02-09 21:56:42,1,0,1,0,3,2019-01-31 14:30:59,2018-08-23 10:43:35,1482
289,2021-07-08 06:47:29,2021-10-27 11:23:10,1,0,1,0,5,2018-09-01 08:41:25,2018-12-08 03:43:27,1954
290,2018-07-08 04:04:56,2022-08-07 23:45:28,1,0,1,0,3,2018-07-12 11:47:36,2018-11-27 23:15:06,1420
291,2020-10-08 07:52:51,2018-04-02 07:06:19,1,1,1,0,2,2018-10-07 16:32:06,2018-05-05 01:54:48,1945
292,2023-10-28 17:56:21,2022-06-08 00:47:35,0,0,1,0,5,2018-04-05 07:25:52,2018-11-23 09:56:00,1817
293,2021-03-11 19:38:07,2020-09-28 07:27:26,0,0,1,0,5,2018-07-22 13:01:43,2018-05-20 22:32:22,1320
294,2022-11-08 22:40:46,2021-06-30 04:43:29,1,0,1,0,2,2018-08-01 00:36:05,2018-11-04 11:23:20,1028
295,2023-06-09 05:56:40,2020-02-19 15:12:00,1,0,1,0,2,2018-11-08 19:53:38,2018-11-27 20:24:59,1983
296,2020-08-27 21:59:32,2023-10-28 22:16:53,0,0,1,0,6,2018-04-27 10:21:14,2018-03-20 10:16:52,1958
297,2023-07-15 01:51:42,2023-12-25 10:09:36,1,0,1,0,3,2018-07-08 20:11:39,2019-01-19 20:55:35,1322
298,2021-09-07 13:22:37,2018-12-11 00:46:25,1,0,1,0,2,2018-08-05 00:34:08,2018-03-17 12:58:42,1909
299,2023-05-12 17:33:34,2024-09-17 12:54:05,0,0,1,0,2,2018-08-18 21:50:08,2018-10-13 06:23:58,1845
300,2022-11-19 01:27:22,2020-10-16 20:11:18,1,0,1,0,6,2018-11-07 04:07:40,2018-03-12 10:07:44,1499
301,2021-03-02 04:07:28,2019-12-14 05:57:44,0,0,1,0,6,2018-07-01 21:26:11,2018-11-16 04:02:07,1682
302,2019-01-17 01:20:31,2020-09-13 02:34:45,1,0,1,0,2,2019-02-07 12:51:43,2018-08-01 06:07:39,1124
303,2018-12-25 10:14:06,2020-08-04 17:33:46,1,0,1,0,1,2019-02-11 12:15:30,2019-02-04 06:56:45,1282
304,2021-08-30 23:21:33,2018-07-18 04:33:30,1,1,1,0,1,2018-12-17 03:00:37,2018-09-26 22:28:58,1289
305,2021-11-30 23:15:01,2022-11-25 16:35:52,0,0,1,0,1,2018-12-07 12:32:02,2018-04-01 19:14:06,1473
306,2021-06-12 06:12:01,2021-03-25 06:56:46,1,0,1,0,2,2018-09-19 01:47:31,2019-01-31 09:13:32,1566
307,2020-10-07 16:21:53,2018-09-21 08:23:51,0,0,1,0,1,2019-01-21 16:25:41,2018-03-20 20:30:15,1106
308,2024-01-05 03:13:13,2023-03-08 00:01:23,0,0,1,0,6,2018-07-29 10:33:29,2019-01-13 04:47:40,1617
309,2024-09-22 00:21:49,2022-06-07 07:30:25,1,0,1,0,4,2018-07-05 10:07:23,2019-03-06 23:57:47,1473
310,2020-10-15 07:01:09,2020-03-25 21:34:30,0,0,1,0,2,2018-09-13 07:05:54,2018-08-09 00:00:02,1248
311,2023-05-08 20:21:55,2019-01-03 04:13:25,1,0,1,0,3,2018-08-25 06:02:27,2019-02-28 01:33:26,1420
312,2020-12-21 18:19:10,2022-02-24 00:36:28,1,0,1,0,1,2018-04-09 01:50:47,2018-09-26 02:24:18,1873
313,2023-04-16 01:30:36,2024-05-17 18:52:02,0,0,1,0,1,2018-04-02 13:46:17,2018-10-05 19:34:28,1389
314,2024-03-29 19:49:31,2018-04-16 05:22:29,1,0,1,0,6,2018-05-28 08:50:59,2018-11-18 06:23:17,1418
315,2020-07-29 09:49:36,2020-11-07 10:17:30,1,0,1,0,5,2018-11-16 17:16:51,2018-11-24 18:33:41,1346
316,2021-02-19 17:59:33,2020-05-21 11:21:55,0,0,1,0,2,2018-04-05 03:10:43,2018-05-30 07:44:32,1920
317,2020-09-01 13:53:12,2023-12-15 02:37:13,1,1,1,0,2,2018-12-09 19:31:24,2018-09-01 19:47:38,1995
318,2024-08-10 17:43:19,2024-06-02 07:42:45,0,0,1,0,1,2018-03-27 13:06:14,2018-11-06 23:49:04,1427
319,2021-12-16 19:00:07,2020-08-11 04:50:56,1,0,1,0,5,2018-10-30 20:19:45,2019-01-21 09:22:15,1954
320,2018-03-14 22:23:31,2019-07-11 09:24:22,0,0,1,0,2,2019-01-28 05:37:09,2018-06-30 16:47:54,1928
321,2024-11-09 16:03:19,2020-08-29 13:45:29,0,0,1,0,1,2019-02-22 10:39:30,2018-11-27 12:11:02,1068
322,2023-02-01 17:54:58,2023-07-26 03:58:46,0,0,1,0,2,2018-05-20 03:59:34,2019-01-13 11:53:02,1183
323,2024-10-03 21:13:46,2024-11-09 12:31:20,1,0,1,0,4,2018-09-27 02:10:31,2018-06-26 19:55:21,1260
324,2018-12-09 22:42:19,2020-08-30 02:49:48,1,0,1,0,4,2018-12-31 10:17:44,2018-03-09 00:21:21,1676
325,2020-04-14 21:13:22,2018-03-26 01:51:58,0,0,1,0,5,2019-02-13 11:16:43,2018-09-04 00:23:56,1790
326,2018-04-12 11:06:38,2023-01-20 20:26:54,0,0,1,0,3,2018-11-06 10:45:39,2018-04-21 21:55:11,1198
327,2018-03-09 05:31:04,2023-08-05 13:37:57,1,0,1,0,3,2018-03-08 13:22:48,2018-12-22 01:20:55,1727
328,2024-07-11 09:43:59,2022-03-22 15:23:28,1,1,1,0,2,2019-02-18 20:09:40,2018-10-07 15:17:14,1746
329,2021-12-04 15:19:45,2024-07-15 09:59:07,0,0,1,0,4,2018-04-25 00:30:42,2018-04-25 04:59:33,1904
330,2022-01-27 04:16:03,2019-11-29 10:02:52,1,0,1,0,3,2019-02-17 05:22:17,2018-08-30 23:18:17,1846
331,2021-01-10 04:30:14,2022-12-28 11:19:36,0,0,1,0,1,2018-12-18 03:00:39,2019-02-22 03:58:18,1521
332,2023-07-08 13:12:23,2022-04-19 18:44:16,0,0,1,0,4,2018-07-18 11:15:25,2018-04-06 08:36:44,1277
333,2021-03-29 07:39:08,2019-01-17 02:18:17,1,0,1,0,3,2018-08-28 05:12:01,2018-12-03 17:34:38,1417
334,2019-10-24 18:47:06,2019-04-02 15:15:38,0,0,1,0,4,2018-07-31 14:18:33,2018-04-09 23:28:06,1788
335,2019-02-16 03:50:21,2022-06-29 10:43:15,1,0,1,0,4,2018-06-17 16:52:46,2019-03-03 06:04:39,1002
336,2022-05-20 08:21:53,2022-12-13 18:10:50,1,1,1,0,4,2018-03-28 01:26:12,2019-01-01 00:39:30,1075
337,2020-01-09 10:53:26,2023-04-05 15:18:08,1,0,1,0,6,2018-07-22 06:02:26,2018-12-24 11:49:14,1591
338,2019-12-22 12:35:14,2022-06-19 04:30:30,0,0,1,0,5,2018-11-15 12:36:52,2019-01-20 02:27:19,1167
339,2022-02-17 06:32:55,2024-09-12 09:45:22,1,0,1,0,5,2018-08-04 03:38:32,2018-12-11 15:36:34,1607
340,2022-05-14 20:18:49,2020-04-08 16:43:26,1,1,1,0,6,2019-02-06 00:39:02,2018-05-28 02:44:39,1975
341,2023-02-22 10:24:13,2018-10-08 23:51:46,0,0,1,0,4,2018-07-30 09:06:26,2018-12-16 17:16:25,1445
342,2022-05-29 02:14:59,2024-10-11 21:25:37,0,1,1,0,5,2018-09-08 17:40:36,2019-02-22 17:06:54,1343
343,2021-08-22 02:35:27,2023-06-04 15:39:56,1,0,1,0,6,2018-05-27 08:37:25,2018-03-17 03:05:28,1813
344,2023-05-03 21:13:52,2019-07-12 04:05:21,0,0,1,0,3,2019-01-18 22:43:00,2019-01-31 02:22:03,1696
345,2024-07-23 05:47:51,2024-01-17 09:46:28,0,0,1,0,6,2018-05-27 16:38:48,2018-05-04 20:16:41,1244
346,2022-05-05 18:55:47,2020-05-07 00:37:45,1,0,1,0,6,2018-06-23 00:51:08,2019-01-06 22:18:16,1296
347,2018-12-19 17:27:53,2024-05-10 23:00:36,1,0,1,0,2,2018-11-30 08:49:19,2018-08-23 19:45:35,1752
348,2021-03-22 12:25:22,2021-12-27 15:31:48,1,0,1,0,6,2018-08-20 18:14:43,2019-02-12 03:18:00,1755
349,2018-09-27 21:32:05,2019-09-27 21:40:38,1,0,1,0,4,2019-02-06 20:06:27,2018-03-23 21:29:33,1360
350,2024-10-20 12:24:35,2021-09-01 08:56:58,0,0,1,0,1,2018-08-18 22:12:11,2018-06-11 15:41:44,1499
351,2021-03-10 15:22:53,2022-03-18 22:06:09,1,0,1,0,5,2018-10-17 18:52:30,2018-06-02 08:53:44,1548
352,2021-07-15 18:09:19,2023-04-29 06:23:39,1,0,1,0,4,2018-09-29 03:52:47,2018-06-17 10:20:44,1209
353,2023-08-04 08:52:09,2024-03-23 09:01:27,0,0,1,0,5,2018-03-10 18:42:59,2019-01-07 05:53:52,1027
354,2025-02-19 22:15:00,2019-06-20 19:25:06,1,0,1,0,2,2018-12-02 09:37:15,2019-01-01 09:20:00,1827
355,2022-03-21 03:51:03,2023-06-18 14:27:38,0,0,1,0,3,2018-09-16 00:38:16,2018-12-18 21:06:44,1534
356,2020-09-14 18:42:42,2023-11-10 09:56:06,0,0,1,0,2,2018-04-17 12:13:15,2019-01-22 16:22:03,1191
357,2018-09-19 01:36:25,2024-05-14 19:01:42,0,0,1,0,1,2019-02-24 09:45:58,2018-09-12 18:21:45,1519
358,2023-11-20 08:04:53,2020-07-27 18:05:05,1,0,1,0,1,2018-03-08 17:38:59,2018-04-10 17:08:07,1921
359,2020-04-18 20:08:46,2024-05-28 07:32:29,1,0,1,0,4,2018-04-17 20:45:14,2018-05-10 12:20:49,1316
360,2023-08-07 00:15:30,2022-12-04 14:23:26,1,1,1,0,2,2018-10-05 23:05:51,2018-05-02 03:46:03,1151
361,2020-12-26 03:06:28,2019-12-22 22:10:28,0,0,1,0,5,2018-11-26 17:06:16,2018-10-18 03:56:50,1836
362,2022-04-13 21:54:03,2024-02-15 10:49:58,1,0,1,0,3,2018-06-08 00:44:49,2018-11-02 23:58:59,1472
363,2023-12-26 02:47:35,2022-08-25 03:17:07,1,0,1,0,3,2018-04-24 07:25:42,2018-07-30 20:24:20,1121
364,2021-02-28 05:11:01,2025-02-05 10:37:48,1,1,1,0,3,2018-12-11 16:09:22,2018-08-03 10:14:27,1325
365,2024-01-17 11:17:27,2021-04-06 12:55:40,0,0,1,0,6,2018-05-01 15:52:22,2018-12-24 20:06:38,1864
366,2018-11-09 05:35:35,2024-05-04 20:24:12,0,0,1,0,2,2018-07-16 22:57:19,2018-10-08 01:16:07,1301
367,2018-11-26 06:08:18,2023-02-03 23:31:26,0,0,1,0,2,2018-08-12 22:45:21,2019-02-18 14:59:01,1078
368,2021-12-26 23:54:12,2022-10-02 05:11:41,0,0,1,0,3,2019-03-02 16:01:10,2018-11-26 18:06:28,1150
369,2019-02-15 11:13:09,2022-03-28 16:08:31,1,0,1,0,1,2018-06-22 23:37:46,2018-07-11 17:36:48,1518
370,2019-04-10 01:51:05,2019-08-07 12:22:53,1,0,1,0,2,2019-01-30 00:33:16,2018-10-27 10:32:09,1747
371,2020-11-25 09:29:01,2020-10-13 21:17:26,0,1,1,0,2,2018-03-11 05:28:37,2019-01-04 16:52:35,1321
372,2020-07-02 14:40:42,2019-04-04 01:15:14,1,0,1,0,5,2018-08-29 06:55:01,2018-07-07 22:12:34,1043
373,2024-01-16 13:19:08,2019-12-16 16:01:25,0,0,1,0,5,2018-10-26 07:25:50,2018-08-09 09:59:28,1016
374,2021-05-29 12:45:34,2018-03-23 16:20:08,0,0,1,0,4,2018-11-22 11:19:53,2019-01-06 20:04:26,1519
375,2020-10-24 16:43:15,2022-09-14 11:35:51,0,0,1,0,3,2018-06-17 16:02:42,2019-03-05 04:00:44,1241
376,2019-11-12 17:40:41,2018-03-08 15:32:58,0,0,1,0,1,2018-07-17 07:22:51,2018-08-07 16:44:08,1271
377,2020-09-09 15:11:45,2018-11-07 05:53:59,1,0,1,0,4,2018-03-13 20:45:54,2019-01-02 01:22:49,1968
378,2018-05-04 23:05:24,2024-11-27 15:27:49,0,0,1,0,4,2018-05-11 15:19:05,2019-01-11 02:07:25,1399
379,2023-10-31 15:12:45,2024-02-05 12:37:58,0,0,1,0,3,2018-09-08 07:24:44,2018-08-07 17:15:34,1894
380,2021-09-18 02:20:04,2018-07-27 08:00:29,0,1,1,0,4,2018-11-21 05:34:03,2019-03-01 04:50:20,1594
381,2022-01-23 14:24:38,2021-02-07 21:59:59,0,0,1,0,1,2018-09-13 01:43:07,2018-08-04 22:39:57,1194
382,2019-02-18 08:23:37,2023-05-22 09:07:37,1,0,1,0,5,2018-10-28 19:49:41,2018-07-30 17:56:32,1603
383,2023-01-04 16:08:20,2019-09-17 10:56:24,1,0,1,0,3,2018-06-16 11:51:26,2018-05-16 00:13:48,1366
384,2021-05-08 10:05:17,2024-08-30 13:29:58,0,0,1,0,5,2018-05-19 14:31:09,2018-08-05 04:03:07,1623
385,2022-11-09 17:28:11,2019-12-10 07:33:08,0,0,1,0,2,2018-11-20 02:19:03,2018-07-29 16:25:11,1901
386,2023-12-20 06:30:50,2020-01-26 00:04:37,0,0,1,0,4,2018-03-29 18:02:03,2018-07-23 19:42:43,1964
387,2022-12-20 01:10:11,2024-06-23 20:37:47,0,0,1,0,6,2018-10-12 21:25:00,2018-04-08 08:55:47,1909
388,2020-11-05 03:33:12,2019-07-11 11:23:12,1,0,1,0,1,2018-10-23 08:08:35,2018-03-24 07:26:19,1591
389,2019-09-12 15:58:47,2022-01-27 17:50:33,1,0,1,0,2,2019-01-04 12:19:50,2018-03-10 16:54:19,1521
390,2020-08-05 08:05:01,2020-07-03 16:29:41,1,0,1,0,1,2018-08-23 16:25:56,2018-06-18 21:02:34,1534
391,2023-12-15 19:07:56,2020-08-27 10:08:57,1,0,1,0,3,2018-11-03 21:23:05,2018-04-24 14:28:27,1972
392,2023-09-11 08:54:14,2020-06-17 15:31:30,1,0,1,0,5,2018-03-30 23:40:23,2018-09-06 05:37:53,1266
393,2021-01-16 15:46:33,2022-04-22 06:49:30,0,0,1,0,3,2018-11-05 19:54:08,2018-10-03 17:43:21,1413
394,2021-04-09 12:05:39,2020-01-11 07:15:39,1,0,1,0,4,2019-02-27 02:00:51,2018-08-01 05:59:43,1499
395,2024-07-13 08:26:40,2021-07-15 22:47:43,0,0,1,0,1,2018-06-01 01:37:50,2018-08-04 12:15:27,1787
396,2019-07-19 01:38:27,2020-03-12 06:56:39,1,0,1,0,4,2018-08-02 01:54:38,2018-08-20 12:18:37,1412
397,2024-03-22 09:17:38,2021-07-28 02:32:17,1,1,1,0,5,2018-12-11 05:12:30,2018-11-22 15:16:29,1394
398,2022-10-01 05:28:23,2019-09-27 08:45:53,0,0,1,0,3,2018-07-27 08:39:28,2018-08-21 08:52:20,1614
399,2024-08-22 23:09:37,2021-05-15 06:59:44,1,0,1,0,5,2018-07-08 05:12:59,2019-01-26 02:48:26,1130
400,2019-05-10 06:19:48,2021-07-12 01:20:53,0,0,1,0,5,2018-11-30 23:01:50,2018-09-23 01:37:12,1909
401,2023-08-09 17:22:17,2022-05-08 06:23:25,0,0,1,0,6,2018-06-14 07:10:37,2018-10-01 13:13:35,1059
402,2021-07-23 23:20:25,2024-02-14 23:39:42,0,0,1,0,4,2019-03-02 12:52:42,2018-09-11 13:42:47,1595
403,2018-08-11 11:53:51,2018-05-12 06:39:51,1,0,1,0,2,2018-07-30 04:46:19,2018-03-23 09:47:32,1271
404,2020-02-21 00:00:51,2025-01-24 14:45:51,1,1,1,0,2,2018-10-02 18:22:21,2018-11-14 06:16:18,1605
405,2019-05-14 13:00:09,2022-08-02 05:39:53,1,0,1,0,6,2018-10-06 01:27:38,2018-07-31 08:42:42,1751
406,2023-08-04 08:54:58,2022-03-02 23:28:38,0,0,1,0,3,2018-09-25 06:01:27,2018-12-31 02:09:13,1282
407,2022-04-15 10:02:30,2022-12-31 07:57:16,1,0,1,0,2,2018-05-04 03:26:53,2018-06-16 16:23:45,1320
408,2022-04-25 05:08:59,2021-11-14 07:15:54,0,0,1,0,1,2019-01-22 23:17:24,2019-01-10 17:57:47,1862
409,2021-06-13 10:53:22,2022-12-10 23:45:09,1,0,1,0,1,2018-10-19 17:35:20,2018-06-10 12:28:37,1142
410,2018-09-03 14:26:11,2024-08-11 06:12:59,0,0,1,0,1,2018-11-22 15:14:12,2018-11-27 04:01:18,1248
411,2023-08-25 12:56:25,2019-05-28 06:55:57,0,0,1,0,1,2018-09-14 20:10:40,2018-05-25 19:13:42,1066
412,2022-08-22 22:01:57,2020-10-28 19:41:37,1,1,1,0,3,2019-02-01 16:26:24,2018-09-01 12:50:22,1396
413,2018-06-03 14:20:29,2018-06-21 22:22:26,0,0,1,0,1,2018-07-08 01:41:00,2018-08-30 11:35:33,1501
414,2018-11-17 14:12:34,2024-05-08 17:09:54,0,0,1,0,4,2019-02-03 14:35:22,2018-05-10 07:33:23,1373
415,2021-08-06 10:12:56,2019-02-18 06:44:41,0,0,1,0,4,2018-07-19 02:33:20,2018-03-27 15:41:21,1930
416,2021-07-26 16:45:33,2019-09-28 17:35:40,1,0,1,0,1,2019-01-02 16:53:29,2018-08-19 03:42:49,1642
417,2019-09-25 23:08:34,2019-08-19 07:51:46,0,0,1,0,1,2018-04-09 00:26:00,2018-05-03 09:42:07,1912
418,2019-05-21 10:50:00,2023-01-11 13:58:19,0,0,1,0,2,2018-09-10 01:31:02,2018-09-23 18:28:47,1664
419,2020-08-27 03:18:13,2020-10-15 22:12:54,1,0,1,0,1,2018-11-25 23:08:01,2018-03-26 06:16:13,1227
420,2020-05-01 07:24:52,2024-08-09 12:12:17,0,0,1,0,3,2018-07-14 10:28:18,2018-05-17 18:07:49,1951
421,2019-07-11 16:55:19,2021-07-09 14:28:22,0,1,1,0,6,2018-07-01 06:12:55,2018-09-10 13:59:26,1281
422,2023-10-07 19:05:44,2019-02-01 21:47:42,0,1,1,0,4,2018-09-06 01:45:11,2019-01-29 20:01:48,1418
423,2022-03-04 04:11:56,2020-11-16 14:21:23,0,0,1,0,1,2018-10-25 20:36:29,2018-09-12 21:51:50,1661
424,2019-11-05 07:34:25,2022-10-14 18:07:46,0,0,1,0,3,2018-08-02 01:39:57,2019-02-11 23:38:42,1022
425,2021-01-23 09:35:05,2018-03-14 02:56:31,0,0,1,0,2,2019-02-01 22:13:38,2018-09-18 23:56:55,1044
426,2023-08-11 07:32:07,2018-09-12 23:20:10,1,0,1,0,2,2018-03-25 02:00:19,2018-09-16 18:41:27,1552
427,2020-06-12 03:33:39,2020-03-15 09:01:34,0,0,1,0,4,2018-07-01 15:57:53,2018-08-08 09:07:49,1585
428,2023-10-04 16:37:55,2021-02-20 04:12:40,0,0,1,0,3,2018-11-09 19:47:55,2019-02-01 05:55:42,1260
429,2021-06-23 01:32:27,2021-10-19 21:29:47,0,1,1,0,5,2018-11-26 00:43:48,2018-09-17 23:42:16,1564
430,2024-10-02 01:05:16,2024-04-24 02:47:45,0,0,1,0,4,2018-12-09 06:37:48,2018-08-03 02:24:57,1732
431,2022-08-20 02:46:58,2021-11-04 09:59:33,0,1,1,0,2,2019-02-09 09:04:28,2018-10-28 06:22:35,1493
432,2021-09-27 22:46:08,2020-08-05 07:34:11,0,0,1,0,5,2018-05-31 11:25:41,2018-07-02 11:37:14,1394
433,2021-03-11 18:41:06,2023-07-08 14:28:42,1,0,1,0,2,2018-10-27 11:33:50,2018-05-23 18:30:48,1278
434,2019-06-18 00:44:54,2018-11-05 09:56:09,0,0,1,0,1,2018-10-08 22:55:56,2018-05-10 13:33:11,1525
435,2023-01-09 11:48:03,2023-06-30 01:59:51,0,0,1,0,2,2018-04-15 09:05:26,2019-02-20 10:49:28,1686
436,2019-03-23 01:23:47,2018-11-14 07:23:10,0,0,1,0,1,2018-10-11 19:29:55,2018-10-23 16:02:32,1105
437,2021-10-11 01:58:40,2023-07-05 13:37:57,1,0,1,0,5,2018-07-24 05:42:11,2018-12-10 02:55:00,1622
438,2018-04-25 08:14:26,2019-09-11 01:06:07,1,0,1,0,5,2018-08-26 06:39:26,2018-10-07 07:56:02,1143
439,2023-03-24 05:58:22,2023-08-15 15:21:52,0,0,1,0,2,2019-01-20 00:45:12,2018-11-11 10:58:30,1528
440,2021-02-26 19:29:30,2019-06-14 13:04:32,0,0,1,0,5,2018-08-04 14:59:28,2018-10-09 15:04:55,1004
441,2018-09-05 13:38:09,2019-06-19 07:55:05,0,0,1,0,5,2018-10-30 14:01:32,2019-01-21 21:44:42,1208
442,2019-07-13 04:51:36,2023-05-13 13:32:48,1,0,1,0,5,2018-04-15 21:59:20,2018-12-23 23:24:56,1251
443,2018-09-06 11:28:29,2023-02-23 06:15:27,0,0,1,0,1,2019-03-07 19:00:17,2018-10-20 00:48:17,1782
444,2021-04-17 19:54:21,2024-02-23 17:15:40,1,0,1,0,1,2018-05-25 07:20:43,2018-08-17 05:29:33,1153
445,2018-05-06 10:36:51,2022-10-01 10:46:47,1,0,1,0,6,2018-06-09 04:45:04,2018-03-25 15:51:24,1039
446,2020-10-01 19:56:58,2022-12-04 16:40:20,1,0,1,0,5,2018-06-28 05:48:24,2018-12-13 07:16:17,1677
447,2024-07-06 05:56:03,2024-07-23 11:36:51,1,0,1,0,3,2018-07-20 02:58:59,2018-07-02 14:18:12,1322
448,2019-04-26 02:48:42,2022-08-08 09:08:21,1,1,1,0,4,2019-02-02 15:30:18,2018-06-11 00:09:37,1600
449,2023-06-28 21:41:26,2023-10-19 16:18:52,0,0,1,0,1,2018-07-17 18:57:52,2018-09-05 20:22:21,1933
450,2022-05-02 13:35:39,2021-04-07 00:01:30,0,0,1,0,5,2018-04-18 07:52:11,2018-05-28 06:05:19,1122
451,2023-09-27 22:02:20,2022-11-08 04:14:12,1,0,1,0,2,2018-04-05 12:48:38,2018-06-12 04:04:49,1546
452,2024-08-21 14:35:14,2018-06-23 15:44:06,0,0,1,0,2,2018-05-22 06:33:43,2019-01-06 09:14:09,1746
453,2019-10-26 20:29:30,2019-06-02 04:52:44,1,0,1,0,5,2018-09-12 00:19:08,2018-05-19 07:15:39,1784
454,2022-06-13 22:01:50,2019-04-09 03:59:27,0,0,1,0,5,2018-10-29 23:15:39,2018-09-26 23:58:02,1690
455,2024-09-07 08:02:48,2019-09-27 02:19:25,0,0,1,0,3,2018-06-21 19:37:21,2018-08-24 03:57:17,1695
456,2024-08-19 06:26:21,2021-05-14 19:43:53,1,0,1,0,4,2018-11-20 04:32:42,2018-09-05 23:09:13,1313
457,2020-08-06 00:42:39,2024-09-03 21:48:56,0,0,1,0,1,2018-03-16 00:23:27,2018-12-26 08:52:46,1069
458,2021-05-31 08:51:31,2018-09-01 02:34:20,1,0,1,0,1,2018-09-04 13:59:33,2018-03-09 00:45:23,1788
459,2020-11-14 11:19:03,2023-11-15 06:55:15,0,0,1,0,5,2019-03-04 07:39:49,2018-03-27 11:11:11,1446
460,2021-08-26 00:47:23,2019-06-28 02:04:48,0,0,1,0,6,2018-04-14 16:21:48,2018-10-22 12:42:26,1066
461,2020-01-05 08:57:05,2018-05-22 04:34:21,0,0,1,0,5,2018-05-13 18:04:38,2019-01-01 00:34:39,1583
462,2020-02-29 02:20:47,2018-07-21 17:15:09,0,0,1,0,1,2018-03-19 12:17:44,2018-10-06 20:31:20,1826
463,2023-12-06 20:28:24,2019-08-22 14:04:18,1,0,1,0,5,2018-05-06 21:36:52,2018-05-03 12:03:38,1843
464,2021-02-17 08:18:51,2020-06-17 02:47:00,0,0,1,0,4,2018-07-18 13:32:46,2018-05-01 10:11:26,1765
465,2024-02-27 19:48:41,2022-04-07 08:52:24,1,1,1,0,2,2018-05-26 18:00:12,2019-01-03 22:06:57,1351
466,2023-08-19 04:51:08,2018-07-23 00:39:51,1,0,1,0,1,2018-05-28 02:54:06,2018-05-15 13:10:32,1891
467,2024-03-28 08:06:38,2019-11-24 06:32:40,0,0,1,0,5,2018-05-23 00:48:42,2018-12-25 08:20:21,1353
468,2024-08-16 03:33:40,2018-06-16 16:46:37,0,0,1,0,2,2018-09-11 18:17:47,2018-10-22 18:57:58,1639
469,2021-08-18 00:20:57,2024-04-14 09:13:01,0,0,1,0,1,2019-03-07 17:09:03,2018-09-04 15:12:38,1249
470,2018-10-09 20:41:37,2024-09-30 20:01:19,0,0,1,0,2,2018-08-07 17:17:24,2018-06-08 10:51:31,1604
471,2021-12-24 16:27:21,2021-03-25 02:00:04,1,0,1,0,4,2018-07-28 01:42:41,2018-10-29 18:45:11,1469
472,2023-12-05 10:38:50,2023-12-20 21:06:32,0,0,1,0,5,2018-09-18 03:00:41,2018-06-04 20:19:04,1571
473,2024-05-17 00:23:56,2022-07-23 19:51:38,0,0,1,0,2,2019-01-01 05:55:46,2018-07-31 19:05:59,1242
474,2022-11-29 07:21:06,2020-08-30 13:59:32,0,0,1,0,6,2018-05-12 07:24:14,2019-01-16 05:53:21,1203
475,2023-01-31 10:27:57,2020-12-13 15:43:56,0,0,1,0,1,2018-12-28 04:06:32,2019-01-07 11:50:19,1381
476,2019-01-31 13:07:58,2023-03-31 08:31:51,0,0,1,0,2,2018-06-12 07:18:57,2018-11-12 07:19:55,1280
477,2023-04-07 15:05:12,2021-03-15 11:59:54,1,0,1,0,4,2018-03-16 20:23:50,2018-03-11 00:01:30,1576
478,2019-05-23 14:25:20,2023-01-14 19:51:54,0,0,1,0,4,2018-07-15 16:57:31,2018-07-18 13:04:08,1798
479,2021-03-26 04:52:16,2023-05-21 14:51:15,1,1,1,0,1,2018-09-13 06:42:11,2018-04-09 01:16:46,1282
480,2024-08-06 21:47:12,2020-03-10 14:51:18,1,0,1,0,2,2018-07-09 00:54:40,2018-12-03 12:36:48,1878
481,2018-11-17 18:14:14,2018-04-09 08:12:54,1,0,1,0,2,2018-06-16 15:21:51,2018-03-25 03:08:44,1122
482,2018-08-20 12:49:53,2023-05-25 11:26:25,0,0,1,0,1,2018-06-04 01:05:49,2018-07-08 18:09:46,1373
483,2023-03-19 08:17:20,2020-08-14 20:03:17,0,0,1,0,6,2018-06-11 08:54:39,2018-09-25 14:53:53,1294
484,2021-03-24 07:22:16,2019-04-30 11:09:05,0,0,1,0,5,2018-03-26 07:55:16,2018-07-21 08:51:29,1970
485,2019-08-22 01:54:43,2018-09-14 03:40:48,1,0,1,0,4,2018-12-06 08:57:43,2018-04-28 09:44:31,1290
486,2019-05-08 10:39:50,2021-12-10 21:30:22,1,0,1,0,6,2018-07-02 09:55:35,2018-12-31 17:30:50,1559
487,2021-11-21 14:00:43,2019-12-08 20:06:47,1,0,1,0,1,2019-01-14 23:46:17,2018-08-03 06:14:55,1905
488,2021-02-07 23:50:34,2021-10-23 15:34:41,0,0,1,0,1,2018-10-04 04:42:36,2018-09-26 11:50:14,1033
489,2023-06-20 12:53:43,2019-07-12 23:25:27,0,0,1,0,4,2018-07-31 23:03:15,2018-07-24 02:43:31,1344
490,2018-12-19 10:08:38,2020-08-13 11:47:30,1,0,1,0,5,2018-11-09 17:56:32,2019-02-26 04:34:28,1325
491,2023-12-29 13:36:55,2021-10-27 22:51:25,1,0,1,0,3,2018-09-02 05:14:50,2018-05-20 23:42:24,1641
492,2020-02-16 09:55:51,2025-02-12 15:00:55,1,0,1,0,4,2018-10-21 04:40:10,2018-08-25 13:06:17,1717
493,2024-05-16 13:23:09,2021-07-29 02:24:20,0,0,1,0,3,2018-08-16 14:09:35,2018-03-15 13:03:01,1941
494,2018-08-06 17:10:07,2023-04-24 12:08:38,0,0,1,0,4,2018-09-24 23:47:32,2018-08-17 01:27:05,1619
495,2022-01-24 13:44:15,2023-11-08 15:47:06,0,0,1,0,1,2018-08-30 10:14:30,2018-10-22 07:16:41,1701
496,2019-06-16 15:43:59,2023-01-14 03:30:10,0,0,1,0,3,2018-08-23 05:47:44,2018-07-10 14:46:01,1172
497,2022-10-15 12:24:56,2020-06-07 14:44:08,0,0,1,0,5,2019-02-04 06:05:15,2018-12-21 01:10:18,1804
498,2022-08-06 10:55:55,2021-08-15 21:05:06,0,0,1,0,1,2018-10-28 14:33:55,2018-08-22 05:13:07,1542
499,2024-07-07 01:43:41,2022-01-31 10:39:17,0,1,1,0,5,2018-06-04 03:37:51,2019-02-04 17:30:37,1979
500,2020-04-02 12:11:20,2022-03-01 03:37:38,0,0,1,0,1,2018-03-23 11:40:47,2018-11-15 02:04:26,1716
501,2022-09-08 21:44:40,2024-06-28 08:57:22,1,0,1,0,5,2018-08-31 16:21:58,2018-10-05 21:12:31,1918
502,2021-05-10 15:47:01,2020-08-30 11:13:51,0,0,1,0,3,2018-12-11 21:00:54,2019-01-21 06:50:12,1436
503,2019-10-25 03:29:36,2020-04-29 09:22:55,0,0,1,0,3,2018-10-28 14:34:30,2019-01-04 15:27:44,1516
504,2024-06-10 05:09:30,2020-07-21 13:22:45,0,0,1,0,5,2018-11-12 15:34:52,2018-06-05 01:38:53,1933
505,2020-11-18 09:46:08,2023-08-31 13:43:43,0,1,1,0,4,2018-09-02 05:21:07,2018-06-06 00:30:34,1978
506,2021-11-09 13:10:39,2025-02-14 00:12:18,0,0,1,0,3,2018-05-11 16:32:53,2018-10-26 09:23:00,1298
507,2023-09-01 21:54:25,2023-03-02 13:50:08,0,0,1,0,4,2018-09-22 05:57:59,2018-11-13 09:16:41,1367
508,2021-07-14 16:04:29,2019-09-24 15:44:59,0,0,1,0,2,2018-09-06 21:17:10,2018-11-20 06:27:20,1199
509,2021-08-23 19:05:25,2024-09-22 18:57:26,1,0,1,0,3,2018-05-06 02:03:34,2018-06-25 05:31:40,1318
510,2022-08-28 00:27:44,2022-08-08 21:45:23,0,0,1,0,3,2018-07-09 06:46:51,2018-12-16 08:34:01,1416
511,2023-10-03 12:55:03,2021-11-09 02:43:17,1,1,1,0,2,2018-05-16 08:49:48,2018-11-05 07:22:31,1415
512,2023-12-01 15:41:34,2018-04-17 16:51:13,0,0,1,0,4,2018-03-18 17:57:43,2019-01-02 05:01:33,1663
513,2024-04-14 11:30:17,2021-09-05 06:12:29,0,0,1,0,2,2018-12-07 20:10:44,2018-09-03 07:06:06,1868
514,2023-06-26 23:43:35,2019-04-14 03:11:14,1,0,1,0,2,2019-02-04 00:14:02,2018-09-08 11:50:00,1222
515,2020-06-28 20:05:08,2018-03-26 03:51:49,1,0,1,0,3,2018-05-18 14:34:44,2019-01-29 12:40:34,1526
516,2018-06-26 22:33:19,2025-01-26 07:36:24,1,0,1,0,5,2019-02-13 20:19:01,2019-01-03 22:53:14,1501
517,2022-05-14 21:53:10,2022-12-17 16:01:08,0,0,1,0,5,2018-04-13 14:19:47,2019-02-18 13:43:35,1300
518,2023-12-17 04:29:59,2024-03-02 11:27:32,1,0,1,0,2,2018-08-13 19:35:04,2018-04-09 01:52:39,1248
519,2021-02-27 00:33:37,2024-04-10 13:39:25,1,0,1,0,3,2018-10-05 15:33:45,2018-06-22 08:09:46,1574
520,2022-09-11 00:28:53,2023-05-24 17:02:19,0,0,1,0,2,2018-05-25 08:36:41,2019-01-22 08:29:55,1695
521,2023-02-05 03:41:06,2018-04-24 08:57:55,0,0,1,0,2,2019-03-06 05:57:32,2018-04-03 14:59:16,1337
522,2023-10-08 12:50:26,2020-06-30 15:32:50,1,0,1,0,1,2018-09-10 08:20:49,2018-04-11 15:43:06,1815
523,2020-01-30 16:31:30,2023-07-25 20:45:12,0,0,1,0,1,2018-07-26 17:05:32,2018-07-30 06:55:45,1585
524,2019-03-25 16:52:50,2021-02-19 11:27:52,1,0,1,0,4,2019-02-26 17:22:08,2018-12-17 12:02:43,1247
525,2024-07-06 18:55:36,2022-03-11 09:44:36,0,0,1,0,1,2018-06-22 10:36:32,2018-08-29 15:00:13,1606
526,2022-03-19 06:51:58,2022-12-30 19:42:57,0,0,1,0,1,2018-06-03 12:51:47,2018-06-21 01:11:03,1220
527,2019-10-17 10:46:04,2018-04-08 17:45:36,0,1,1,0,4,2018-03-20 10:52:19,2019-01-12 08:31:50,1423
528,2019-07-28 16:40:26,2020-08-29 20:12:11,0,0,1,0,1,2018-07-03 00:29:25,2018-04-03 13:22:08,1853
529,2020-12-31 03:33:31,2023-08-21 13:40:23,0,0,1,0,6,2018-10-28 20:50:00,2019-02-08 19:30:20,1448
530,2020-07-12 16:30:00,2022-11-11 09:10:11,0,0,1,0,6,2018-08-31 07:09:07,2018-03-22 01:47:54,1138
531,2024-12-24 17:19:19,2023-05-28 04:43:51,1,0,1,0,4,2018-09-09 09:56:31,2018-07-25 17:09:13,1500
532,2020-12-29 07:50:29,2022-10-21 03:49:38,1,0,1,0,6,2019-01-01 10:56:35,2018-10-17 01:47:31,1312
533,2023-08-24 04:35:53,2020-01-06 19:50:20,0,0,1,0,1,2018-12-01 23:22:51,2018-03-22 20:08:31,1111
534,2021-02-08 14:28:26,2025-01-23 22:18:49,1,0,1,0,5,2018-12-04 17:42:11,2018-11-14 11:13:17,1824
535,2021-08-27 08:55:02,2019-05-02 08:33:45,0,0,1,0,3,2018-05-02 18:23:03,2018-05-26 12:34:16,1416
536,2022-03-15 20:04:54,2024-06-16 18:03:00,1,0,1,0,3,2018-04-17 22:44:41,2018-07-01 09:42:03,1709
537,2025-01-03 10:47:23,2019-04-08 06:24:19,1,0,1,0,6,2019-02-28 04:57:49,2018-05-05 20:03:41,1070
538,2020-04-22 22:34:15,2018-10-09 16:35:59,1,0,1,0,6,2018-08-31 06:50:37,2018-11-22 17:59:34,1224
539,2021-11-20 18:37:28,2020-06-24 17:03:10,1,0,1,0,5,2019-01-29 21:14:23,2019-02-03 02:18:47,1073
540,2023-10-07 18:50:10,2019-03-23 10:49:54,1,1,1,0,5,2018-07-31 14:59:39,2019-03-07 20:47:07,1821
541,2021-05-17 10:34:47,2020-04-13 20:16:16,0,0,1,0,3,2018-06-08 15:57:22,2018-07-15 16:36:19,1569
542,2020-11-13 02:36:55,2024-03-09 09:13:43,1,0,1,0,5,2018-10-27 15:55:16,2018-04-01 16:42:07,1413
543,2019-06-09 08:29:46,2022-11-10 21:43:51,1,0,1,0,4,2018-09-05 06:28:09,2018-05-29 20:51:54,1924
544,2022-07-31 08:36:20,2018-11-17 13:04:00,1,0,1,0,5,2018-03-15 22:28:23,2019-02-25 12:52:20,1187
545,2019-07-12 04:49:02,2024-05-11 02:24:20,1,0,1,0,5,2019-02-28 21:15:57,2018-07-04 06:33:09,1143
546,2018-04-20 02:19:05,2022-09-17 21:43:01,0,0,1,0,2,2019-01-29 20:43:05,2018-07-02 08:35:56,1140
547,2018-04-22 02:30:02,2025-02-24 23:32:23,0,0,1,0,5,2019-02-20 21:28:00,2018-07-18 13:22:31,1197
548,2020-12-26 13:45:20,2021-12-08 18:49:01,1,0,1,0,5,2019-01-22 07:49:51,2018-03-09 02:46:38,1931
549,2023-04-20 19:54:03,2019-09-21 00:27:14,1,0,1,0,6,2018-08-20 08:04:48,2018-11-23 17:36:59,1667
550,2024-09-06 21:43:56,2022-10-03 19:54:56,0,1,1,0,1,2018-06-09 06:51:10,2019-03-04 19:30:10,1474
551,2023-09-29 23:14:46,2021-06-16 10:04:41,1,0,1,0,2,2018-06-22 22:02:35,2018-05-08 23:32:47,1007
552,2019-05-24 15:10:30,2019-11-30 21:17:33,0,0,1,0,5,2018-11-22 12:51:32,2018-06-29 23:11:04,1375
553,2023-03-08 11:57:33,2020-09-27 11:00:54,1,1,1,0,2,2018-10-12 09:21:58,2018-09-22 23:12:00,1308
554,2023-10-14 06:20:04,2021-11-02 03:35:18,1,0,1,0,6,2018-04-27 21:00:03,2019-03-03 00:47:51,1990
555,2020-07-02 09:23:55,2022-10-30 02:50:54,1,0,1,0,4,2018-08-07 05:13:19,2019-02-03 22:00:28,1376
556,2024-04-21 18:40:55,2020-09-06 21:04:42,0,0,1,0,4,2019-02-18 20:20:07,2018-12-30 03:14:52,1790
557,2019-08-06 07:28:50,2019-03-25 08:56:23,1,0,1,0,3,2019-01-02 19:38:12,2018-10-23 21:05:27,1383
558,2021-04-07 12:43:09,2021-11-19 15:50:30,0,0,1,0,4,2018-11-23 18:31:58,2018-06-06 03:34:29,1514
559,2019-04-06 12:32:17,2021-02-02 15:50:54,0,0,1,0,3,2018-10-25 20:53:41,2019-02-26 11:45:13,1407
560,2020-10-07 11:43:53,2019-08-29 09:40:19,0,1,1,0,1,2018-07-03 01:03:01,2018-07-26 20:53:34,1115
561,2020-03-20 12:54:55,2019-02-08 11:15:51,0,0,1,0,2,2018-12-08 08:20:41,2018-06-08 10:36:12,1905
562,2022-12-02 12:01:15,2025-02-28 08:01:11,0,0,1,0,3,2018-09-18 12:37:41,2018-05-12 07:25:37,1030
563,2023-08-16 18:09:26,2018-11-26 23:29:22,0,0,1,0,5,2018-10-04 11:29:25,2018-05-12 18:37:36,1410
564,2022-09-16 13:38:26,2024-12-11 21:28:12,0,0,1,0,2,2018-12-07 12:59:10,2019-02-27 09:01:00,1534
565,2023-10-30 21:35:38,2019-12-07 14:20:18,0,0,1,0,4,2019-02-08 23:30:43,2018-04-20 02:26:24,1206
566,2019-10-10 19:30:34,2019-02-26 02:00:38,0,0,1,0,5,2019-02-26 14:47:37,2018-03-15 20:04:30,1188
567,2024-01-03 00:17:38,2020-06-08 18:38:57,0,1,1,0,5,2018-06-26 09:02:35,2018-12-01 16:35:10,1307
568,2023-08-02 12:07:49,2023-06-02 06:05:47,0,0,1,0,3,2018-08-05 09:40:25,2018-09-21 19:58:12,1314
569,2023-03-06 12:48:53,2019-10-26 06:22:30,0,0,1,0,1,2018-05-16 00:00:18,2019-02-17 02:28:17,1244
570,2025-02-25 22:11:42,2023-01-05 13:04:49,1,0,1,0,3,2018-09-04 03:38:50,2018-03-22 12:26:39,1439
571,2021-11-03 22:57:04,2020-09-09 11:36:40,1,0,1,0,4,2018-12-06 04:45:29,2018-04-01 14:35:49,1127
572,2018-04-05 04:23:38,2023-05-04 06:26:38,0,0,1,0,5,2018-05-07 23:00:52,2018-06-01 17:07:59,1289
573,2019-12-10 00:13:13,2019-02-13 11:50:10,0,0,1,0,6,2018-05-02 13:10:00,2018-08-17 07:10:18,1166
574,2019-11-13 08:51:09,2022-01-21 18:26:39,1,0,1,0,5,2018-09-20 20:05:35,2019-02-08 14:20:57,1111
575,2021-04-30 04:06:46,2024-01-31 19:36:45,0,0,1,0,3,2018-10-28 14:15:00,2019-01-29 13:24:35,1256
576,2021-02-02 10:00:27,2022-03-03 08:47:12,0,0,1,0,5,2018-09-11 17:52:15,2018-06-23 02:09:00,1891
577,2020-11-05 11:25:13,2025-02-03 23:57:02,0,0,1,0,3,2018-07-19 10:31:44,2018-05-26 02:00:40,1143
578,2019-07-25 04:11:11,2022-07-15 12:09:17,0,0,1,0,4,2018-07-20 18:20:36,2018-03-17 18:55:23,1343
579,2019-02-10 07:11:11,2019-03-07 10:07:18,1,1,1,0,1,2018-04-19 12:41:53,2018-04-05 09:42:33,1591
580,2019-04-11 12:45:22,2023-01-12 12:31:30,0,0,1,0,6,2018-09-17 06:59:43,2019-01-21 08:34:42,1762
581,2018-12-23 21:24:33,2019-05-02 04:32:12,1,0,1,0,4,2018-07-16 04:57:26,2018-07-22 13:20:09,1233
582,2020-05-03 02:30:10,2019-03-01 21:10:39,1,0,1,0,6,2019-01-08 20:19:25,2019-02-18 01:27:06,1692
583,2021-03-11 22:04:26,2023-04-12 07:34:41,1,0,1,0,3,2018-05-09 22:16:07,2018-09-27 04:48:30,1053
584,2018-11-27 20:30:37,2019-01-26 22:41:18,1,0,1,0,2,2018-08-03 15:00:30,2018-08-20 07:49:20,1725
585,2021-03-18 14:08:07,2022-04-13 02:51:42,1,1,1,0,4,2018-10-12 07:12:30,2018-11-03 20:10:56,1682
586,2024-01-04 20:10:10,2018-07-19 04:22:43,0,0,1,0,5,2018-09-23 10:45:49,2018-06-14 02:20:37,1022
587,2022-02-11 15:37:47,2023-06-11 23:33:06,1,1,1,0,3,2019-02-20 16:33:46,2019-01-23 11:28:26,1251
588,2018-12-11 01:57:37,2022-01-13 12:23:18,0,0,1,0,1,2019-02-25 05:38:40,2018-12-11 05:15:14,1035
589,2021-03-30 01:06:55,2019-11-30 18:30:53,0,0,1,0,2,2019-01-30 08:59:53,2018-10-17 01:15:55,1731
590,2018-07-12 06:32:57,2020-06-08 12:17:09,1,0,1,0,5,2018-07-19 02:17:47,2019-01-12 03:32:20,1929
591,2021-07-08 06:04:26,2021-12-05 04:19:13,0,1,1,0,1,2018-09-21 11:07:14,2018-05-06 17:46:32,1779
592,2018-04-07 02:30:40,2020-07-24 18:07:23,0,0,1,0,4,2018-08-30 04:07:52,2018-03-22 13:25:46,1493
593,2022-03-29 15:58:33,2024-01-25 13:00:25,1,1,1,0,6,2018-11-21 23:30:06,2019-03-04 07:10:00,1051
594,2018-09-14 21:42:10,2023-10-08 22:46:42,1,0,1,0,2,2018-12-04 16:06:10,2018-05-25 09:50:31,1979
595,2018-10-26 03:22:52,2020-12-09 17:32:11,1,0,1,0,5,2018-10-23 09:07:44,2018-06-09 10:22:57,1200
596,2020-07-23 10:40:54,2020-08-22 21:02:30,1,0,1,0,3,2019-02-21 09:42:20,2018-10-09 21:23:51,1552
597,2019-03-15 05:35:12,2018-06-30 14:51:44,1,0,1,0,3,2018-12-10 13:33:46,2019-01-12 02:57:01,1724
598,2021-11-20 04:27:29,2022-08-14 20:41:14,0,0,1,0,5,2018-12-14 11:12:42,2019-02-23 23:52:19,1602
599,2019-04-30 18:35:02,2019-11-28 12:54:31,0,0,1,0,3,2018-06-15 13:15:39,2018-05-04 06:50:37,1970
600,2019-04-08 06:03:50,2023-09-27 22:31:31,0,0,1,0,2,2019-02-02 20:41:02,2018-06-29 16:00:06,1405
601,2022-07-29 21:05:22,2019-09-10 21:35:54,0,0,1,0,5,2018-04-03 23:51:53,2018-10-15 10:23:44,1337
602,2019-03-17 05:16:30,2021-07-08 16:05:38,1,1,1,0,2,2018-10-23 11:17:25,2018-11-22 00:40:21,1054
603,2024-04-22 14:08:18,2019-07-06 17:40:18,0,0,1,0,5,2019-02-24 14:55:59,2018-11-08 02:57:21,1600
604,2020-09-01 06:58:02,2024-04-09 22:19:51,0,0,1,0,5,2019-01-13 19:44:56,2019-01-06 17:29:45,1663
605,2024-02-26 05:26:02,2020-02-12 05:07:37,1,1,1,0,2,2018-03-25 09:17:04,2018-08-31 00:58:22,1930
606,2024-09-03 09:26:59,2024-06-18 03:58:57,0,0,1,0,1,2019-01-11 01:32:10,2019-01-28 01:17:08,1587
607,2018-10-23 09:26:09,2019-07-20 22:46:05,0,0,1,0,5,2018-04-18 01:50:53,2018-08-24 13:35:16,1207
608,2018-12-22 22:14:29,2024-11-06 23:12:45,0,0,1,0,6,2019-02-03 22:56:35,2018-05-10 04:57:01,1169
609,2022-11-15 05:34:21,2025-02-28 10:07:28,1,1,1,0,5,2018-07-22 22:01:20,2018-08-06 06:43:04,1120
610,2020-02-07 02:42:54,2020-10-29 12:59:59,0,0,1,0,6,2018-07-23 11:34:24,2018-12-11 14:29:25,1604
611,2022-03-19 02:21:43,2022-04-07 05:45:12,1,0,1,0,5,2018-09-26 22:29:03,2018-11-07 04:37:23,1697
612,2021-07-22 07:43:43,2024-11-01 10:01:23,1,0,1,0,4,2019-03-07 20:07:57,2018-03-25 23:14:42,1903
613,2023-12-21 05:51:35,2021-06-12 11:55:58,0,0,1,0,2,2018-06-27 06:19:53,2018-07-16 10:09:23,1084
614,2019-01-05 01:07:02,2023-06-01 16:50:40,0,0,1,0,6,2018-07-24 20:01:57,2019-02-25 05:23:53,1002
615,2019-01-15 01:31:01,2019-01-24 20:42:41,1,1,1,0,3,2018-09-21 10:34:47,2018-03-22 00:35:17,1330
616,2022-07-09 08:42:32,2024-01-23 10:49:35,1,0,1,0,5,2018-11-10 11:18:07,2018-03-27 16:02:15,1106
617,2024-07-11 20:17:49,2019-04-14 20:15:09,1,1,1,0,4,2018-10-13 08:28:43,2018-10-24 20:09:49,1448
618,2021-07-03 11:08:00,2020-10-30 02:41:31,0,0,1,0,5,2018-09-27 18:11:25,2019-01-25 15:45:54,1154
619,2020-12-11 11:43:14,2022-01-02 20:43:06,1,0,1,0,5,2018-08-04 10:05:22,2018-10-21 14:38:55,1051
620,2021-01-05 04:21:40,2022-03-23 05:18:29,0,1,1,0,3,2018-10-08 08:13:21,2018-06-27 00:51:03,1475
621,2020-07-13 09:59:55,2019-08-26 01:56:03,1,0,1,0,5,2018-08-16 16:01:57,2018-09-08 12:04:27,1346
622,2023-03-06 10:47:41,2022-12-27 09:01:20,1,0,1,0,2,2018-08-22 06:01:28,2019-01-01 20:05:32,1127
623,2021-06-01 11:06:34,2024-08-04 05:00:34,0,0,1,0,2,2018-03-25 22:43:05,2018-04-30 20:31:01,1570
624,2021-11-05 19:39:18,2024-04-21 20:20:33,1,1,1,0,2,2018-11-25 08:56:23,2018-07-10 00:42:03,1315
625,2023-08-05 09:51:58,2022-06-11 10:34:05,1,0,1,0,1,2018-03-26 15:45:04,2018-06-16 00:30:43,1498
626,2024-06-04 08:19:40,2025-01-30 03:12:33,1,0,1,0,4,2018-07-29 13:37:46,2018-10-04 09:18:48,1208
627,2020-05-03 17:59:45,2023-12-28 20:34:07,1,1,1,0,5,2019-01-15 02:02:46,2018-09-09 14:40:17,1009
628,2021-11-26 08:12:00,2019-04-06 04:01:53,1,0,1,0,5,2019-01-10 01:38:17,2018-06-22 03:18:21,1328
629,2021-08-06 00:23:28,2018-03-23 14:27:52,0,0,1,0,1,2018-07-11 07:18:18,2018-05-22 03:31:39,1110
630,2020-04-04 12:46:14,2024-07-06 00:04:37,1,0,1,0,1,2019-02-09 11:10:18,2019-02-07 14:48:27,1269
631,2020-12-26 13:29:31,2021-11-23 06:41:36,0,0,1,0,3,2018-11-23 12:31:55,2019-02-08 12:32:30,1606
632,2022-06-12 16:49:48,2024-10-21 23:48:32,1,0,1,0,3,2018-06-29 00:21:51,2018-05-28 16:16:19,1411
633,2024-10-13 16:04:26,2024-08-12 14:56:25,0,0,1,0,1,2019-02-15 12:12:04,2019-01-14 06:40:00,1641
634,2018-10-11 15:46:45,2025-03-05 03:02:23,0,0,1,0,2,2018-05-19 03:18:13,2018-07-26 10:51:38,1969
635,2018-08-26 09:50:11,2021-07-12 13:50:08,1,0,1,0,3,2019-01-18 05:21:10,2018-05-12 01:00:07,1746
636,2024-07-25 02:37:45,2021-04-17 03:55:55,0,0,1,0,3,2018-05-13 06:07:04,2018-07-25 19:00:24,1633
637,2020-06-18 07:59:27,2024-02-11 07:16:11,1,0,1,0,1,2018-11-04 23:56:58,2018-10-24 06:31:34,1386
638,2021-06-03 17:37:57,2019-05-20 06:01:30,1,1,1,0,6,2018-11-09 14:51:02,2018-06-26 17:46:14,1162
639,2024-05-03 14:57:05,2023-07-10 01:03:54,1,0,1,0,4,2018-08-27 11:03:23,2018-12-25 02:11:05,1084
640,2024-01-30 11:05:42,2025-01-08 10:16:34,1,0,1,0,4,2018-05-15 08:44:54,2018-04-01 22:14:01,1028
641,2019-11-24 20:46:36,2018-04-25 23:43:05,1,0,1,0,5,2019-01-30 16:33:03,2018-10-10 15:12:54,1140
642,2023-06-14 17:17:01,2020-06-28 22:36:59,0,0,1,0,4,2018-07-13 09:45:49,2018-08-23 17:06:37,1472
643,2019-09-03 08:45:43,2024-04-18 03:56:28,1,0,1,0,1,2018-07-23 10:25:12,2018-11-20 22:52:05,1371
644,2022-02-01 02:36:15,2023-04-01 10:34:07,1,0,1,0,1,2018-04-24 18:35:51,2018-11-01 21:48:49,1664
645,2023-10-10 14:58:05,2019-05-03 06:46:12,0,0,1,0,6,2018-09-11 00:43:47,2019-02-20 13:32:11,1462
646,2020-12-29 09:13:43,2018-08-27 19:03:29,1,0,1,0,5,2018-04-27 05:17:27,2018-07-04 08:08:24,1735
647,2023-07-18 22:53:10,2024-03-10 11:20:59,1,0,1,0,5,2018-10-01 14:39:43,2018-04-27 14:59:49,1652
648,2019-05-27 00:54:18,2020-11-30 01:15:19,1,0,1,0,2,2019-02-08 03:29:39,2018-04-12 01:16:04,1428
649,2022-11-17 02:43:34,2018-07-13 00:30:02,0,0,1,0,6,2018-04-09 20:41:26,2018-12-18 06:51:58,1738
650,2021-06-19 04:51:37,2018-04-18 00:47:15,1,0,1,0,4,2018-09-16 10:12:09,2018-11-27 13:00:04,1484
651,2024-03-24 12:02:57,2020-05-09 20:22:05,1,0,1,0,1,2018-12-04 12:18:39,2018-11-11 06:49:38,1155
652,2021-01-23 14:20:25,2022-02-12 00:33:19,1,1,1,0,2,2019-02-19 12:24:26,2018-10-22 22:42:19,1887
653,2021-02-19 09:08:32,2020-06-05 18:31:10,0,0,1,0,5,2018-03-12 09:35:13,2018-07-18 18:36:40,1468
654,2021-12-04 00:23:57,2019-10-16 20:26:13,0,0,1,0,1,2018-09-05 11:39:43,2018-11-03 05:43:03,1138
655,2023-02-17 23:53:55,2021-06-14 05:01:35,1,0,1,0,1,2018-08-18 21:37:47,2018-12-08 02:39:02,1467
656,2019-02-15 20:26:16,2024-03-03 16:16:29,1,0,1,0,4,2018-05-02 23:43:11,2018-05-27 14:24:11,1679
657,2018-05-23 13:44:56,2025-02-19 20:21:41,1,0,1,0,1,2018-06-05 19:18:43,2019-02-13 12:12:54,1913
658,2025-02-24 14:17:00,2023-05-20 17:34:49,1,0,1,0,6,2018-08-19 17:09:58,2019-01-10 15:30:32,1396
659,2018-10-21 04:12:41,2023-10-06 23:57:54,0,0,1,0,3,2018-11-27 16:24:14,2019-01-29 11:21:21,1484
660,2019-02-13 13:43:34,2024-12-13 06:40:10,0,0,1,0,5,2019-02-03 15:21:17,2018-04-17 12:28:06,1805
661,2021-06-20 15:55:27,2021-04-18 22:40:56,0,0,1,0,2,2018-08-13 06:02:51,2018-10-01 08:18:47,1311
662,2020-05-07 13:54:56,2024-12-21 00:29:34,1,0,1,0,2,2018-04-30 06:57:23,2018-08-30 21:34:34,1673
663,2023-02-20 02:14:15,2021-06-02 17:22:46,1,0,1,0,3,2018-03-09 08:27:31,2018-08-18 12:44:16,1478
664,2020-09-06 09:07:40,2020-03-26 17:28:16,0,0,1,0,2,2018-04-02 02:50:01,2018-06-26 07:13:47,1978
665,2022-01-27 21:16:22,2022-03-22 09:01:02,0,0,1,0,4,2018-09-29 14:14:31,2018-05-18 07:17:58,1668
666,2018-03-25 13:30:00,2018-12-15 06:54:27,0,0,1,0,4,2019-01-10 15:49:54,2018-07-22 17:56:35,1473
667,2022-09-18 21:57:28,2025-02-18 14:26:15,1,0,1,0,5,2019-01-12 05:22:03,2019-02-26 02:55:30,1502
668,2021-04-18 19:26:43,2024-10-17 19:17:10,1,0,1,0,1,2018-10-21 16:41:01,2019-01-02 11:38:20,1789
669,2023-10-10 14:38:36,2023-05-18 12:00:19,0,0,1,0,4,2018-04-07 08:33:51,2018-10-21 02:12:42,1898
670,2022-07-04 06:12:27,2022-07-06 16:08:31,0,0,1,0,4,2018-05-23 15:58:20,2018-03-18 06:24:54,1864
671,2019-05-03 13:49:44,2021-11-13 08:46:54,1,0,1,0,6,2018-11-10 19:25:24,2018-08-08 04:57:12,1127
672,2019-05-16 07:42:07,2024-04-16 06:49:28,0,0,1,0,6,2018-07-27 05:08:52,2018-07-25 18:20:14,1596
673,2024-10-12 07:20:44,2019-08-28 06:33:25,0,0,1,0,2,2019-01-01 06:41:50,2018-03-29 12:33:50,1054
674,2018-11-08 00:55:48,2018-09-15 00:03:01,0,1,1,0,6,2018-12-06 15:38:08,2018-09-11 21:01:37,1913
675,2021-07-19 14:43:40,2019-11-19 20:43:21,1,0,1,0,2,2018-07-06 02:33:14,2018-03-09 11:10:31,1751
676,2018-11-11 11:55:03,2024-04-11 07:55:40,0,0,1,0,1,2018-11-03 15:51:15,2018-05-24 01:16:13,1555
677,2020-11-24 07:24:32,2022-04-22 18:48:26,1,0,1,0,2,2018-07-23 20:16:40,2018-05-22 20:07:19,1567
678,2021-04-04 17:06:03,2018-10-10 09:06:29,0,0,1,0,5,2018-07-29 19:11:36,2018-04-25 11:55:14,1253
679,2021-06-01 09:26:36,2022-01-04 03:12:04,0,1,1,0,4,2018-09-13 23:36:15,2018-09-21 01:42:45,1768
680,2021-02-08 03:59:12,2024-12-31 18:06:39,1,0,1,0,1,2018-08-20 11:10:13,2018-06-25 17:13:43,1211
681,2022-12-23 19:50:24,2024-07-21 08:58:03,0,0,1,0,2,2019-01-21 15:47:08,2018-04-11 09:57:37,1437
682,2024-06-08 10:01:43,2020-07-20 02:56:40,1,0,1,0,6,2018-03-24 12:56:42,2018-08-09 00:12:06,1318
683,2022-08-13 09:06:40,2021-08-30 16:02:30,0,1,1,0,3,2018-10-23 06:04:27,2018-07-31 04:25:36,1890
684,2020-11-22 17:11:46,2019-05-19 06:17:31,1,1,1,0,6,2018-04-03 18:22:02,2018-04-15 19:58:13,1083
685,2022-08-10 18:28:53,2022-08-24 13:20:55,0,0,1,0,1,2019-01-11 11:52:18,2019-02-20 01:15:53,1113
686,2018-07-24 01:40:27,2022-11-22 10:11:30,1,0,1,0,6,2019-01-01 17:55:47,2018-03-31 18:45:28,1955
687,2023-12-12 20:42:49,2024-01-29 19:20:32,0,1,1,0,6,2019-02-20 12:08:52,2018-06-20 05:42:34,1603
688,2018-05-18 16:48:25,2018-05-01 23:59:59,1,0,1,0,3,2018-06-22 09:12:54,2018-03-22 20:11:18,1822
689,2020-01-12 12:28:25,2024-07-04 07:28:06,0,0,1,0,4,2018-09-01 17:11:19,2018-11-07 03:14:44,1856
690,2024-12-31 10:37:55,2021-01-24 00:38:30,0,0,1,0,4,2019-02-26 19:25:39,2018-04-09 09:00:01,1364
691,2018-05-16 11:59:13,2018-09-17 15:39:10,0,0,1,0,3,2018-04-14 23:18:30,2018-06-01 15:37:32,1182
692,2021-10-08 05:42:12,2022-01-12 13:50:38,1,0,1,0,5,2018-05-01 22:16:24,2019-02-17 04:15:04,1002
693,2023-12-04 13:19:04,2020-06-19 16:22:04,1,0,1,0,4,2018-06-01 17:06:52,2018-10-17 13:49:46,1389
694,2020-12-15 06:42:42,2024-03-24 02:03:09,1,0,1,0,1,2018-11-13 01:19:50,2018-04-09 04:38:48,1128
695,2023-10-05 20:27:58,2023-12-30 21:16:08,0,0,1,0,5,2018-06-24 18:43:51,2018-03-16 16:21:15,1060
696,2019-03-06 03:47:56,2024-04-24 04:27:21,1,0,1,0,2,2018-07-26 18:30:47,2019-01-09 01:36:31,1058
697,2024-03-09 12:06:20,2023-08-03 22:32:11,1,0,1,0,6,2019-02-23 03:39:24,2018-11-30 18:50:53,1492
698,2022-05-24 02:19:30,2023-07-14 19:23:24,0,0,1,0,1,2018-06-09 12:24:34,2018-12-03 23:49:14,1299
699,2019-12-26 16:39:38,2022-03-07 18:33:53,1,0,1,0,1,2018-07-26 11:26:04,2018-06-19 13:56:53,1525
700,2018-07-31 17:55:19,2022-11-25 10:18:54,0,0,1,0,5,2018-10-07 09:19:23,2018-11-16 19:01:37,1183
701,2022-01-11 17:35:01,2024-11-25 08:01:12,0,1,1,0,1,2018-10-17 13:56:52,2018-07-05 01:16:11,1630
702,2024-11-16 19:13:23,2023-12-01 00:27:05,0,0,1,0,4,2018-10-09 06:58:55,2018-08-21 21:37:30,1078
703,2021-03-11 15:02:32,2022-08-14 15:07:28,1,0,1,0,2,2019-02-22 04:30:08,2018-05-01 05:49:11,1988
704,2023-02-02 05:37:23,2022-03-04 21:11:09,0,0,1,0,3,2018-05-13 07:36:03,2019-01-25 16:22:13,1724
705,2021-06-12 09:48:18,2018-11-30 15:43:44,1,0,1,0,1,2018-10-22 11:50:05,2018-08-12 23:48:17,1828
706,2021-04-15 12:02:35,2020-06-18 11:41:40,1,0,1,0,3,2019-01-05 09:28:58,2018-07-22 15:21:31,1320
707,2020-05-30 15:35:43,2022-01-27 14:20:38,0,0,1,0,6,2018-11-16 16:14:51,2019-01-17 08:38:28,1099
708,2023-04-26 04:30:52,2020-03-08 10:55:00,1,0,1,0,1,2019-02-26 00:07:57,2018-11-02 10:30:16,1315
709,2019-02-19 00:11:46,2021-02-23 10:40:55,0,0,1,0,2,2018-07-30 21:38:37,2018-11-04 17:13:15,1369
710,2020-01-08 20:16:00,2025-02-02 06:09:18,1,0,1,0,6,2019-01-12 15:17:34,2018-06-07 00:56:04,1564
711,2024-02-13 03:43:47,2020-08-24 17:38:48,0,0,1,0,6,2018-05-02 14:37:40,2018-10-26 12:32:32,1213
712,2021-12-21 23:40:40,2022-06-27 14:05:04,1,0,1,0,2,2018-09-29 04:07:42,2018-08-10 17:29:03,1290
713,2020-01-22 14:51:03,2024-10-27 02:03:35,1,0,1,0,5,2018-03-26 13:11:08,2019-02-08 00:08:55,1616
714,2023-06-23 19:59:33,2025-03-05 11:40:22,0,0,1,0,5,2018-12-19 05:48:46,2018-11-07 17:18:33,1551
715,2024-05-02 23:30:06,2020-01-29 23:34:29,0,0,1,0,5,2018-03-29 22:02:35,2018-07-11 03:56:21,1184
716,2020-07-10 16:17:43,2020-06-13 15:52:22,0,0,1,0,3,2018-12-19 16:17:01,2018-05-09 01:19:22,1690
717,2023-08-12 06:35:22,2022-07-14 18:26:39,1,0,1,0,5,2018-11-06 07:10:37,2018-07-28 08:53:21,1186
718,2025-01-15 16:14:35,2022-07-13 09:38:48,0,0,1,0,4,2018-07-15 00:03:39,2018-05-10 04:12:39,1788
719,2022-10-22 19:07:48,2024-02-03 11:18:24,0,0,1,0,1,2019-02-17 14:56:55,2018-09-17 03:50:33,1644
720,2022-02-06 06:02:01,2023-09-09 11:18:44,0,0,1,0,6,2018-09-02 17:16:41,2018-10-15 07:11:59,1512
721,2023-03-12 09:04:56,2021-03-24 19:58:42,1,0,1,0,6,2018-06-03 14:10:09,2018-07-25 00:28:46,1798
722,2023-10-21 18:39:04,2022-10-06 23:21:44,1,0,1,0,2,2018-10-16 02:22:32,2018-06-07 10:20:27,1562
723,2025-01-03 20:34:40,2024-05-30 17:57:44,0,0,1,0,6,2019-01-19 01:12:51,2018-10-18 14:51:26,1326
724,2019-10-26 22:09:54,2022-07-10 18:50:02,1,1,1,0,6,2018-03-18 22:04:57,2018-09-23 06:40:19,1859
725,2024-06-10 03:10:56,2024-04-21 00:55:01,0,0,1,0,1,2018-11-02 09:56:01,2018-04-01 19:21:38,1818
726,2022-01-12 12:57:24,2024-07-07 14:15:15,0,0,1,0,2,2018-05-21 00:19:38,2018-12-06 00:11:14,1439
727,2019-03-13 19:06:31,2021-02-05 03:23:48,0,0,1,0,4,2018-04-14 09:23:51,2018-05-25 04:46:40,1384
728,2022-11-23 05:57:13,2019-02-15 20:35:40,1,0,1,0,5,2019-01-09 08:39:26,2018-10-01 14:34:44,1808
729,2023-05-04 20:58:57,2025-01-17 02:28:29,0,0,1,0,2,2019-02-09 10:34:57,2018-03-08 01:06:06,1916
730,2024-10-02 21:14:09,2024-01-31 04:44:27,1,0,1,0,2,2018-05-09 09:39:41,2018-11-21 15:12:20,1097
731,2019-05-25 02:18:19,2021-11-08 15:15:13,0,0,1,0,3,2018-11-12 16:46:09,2018-03-22 14:10:46,1107
732,2024-06-25 12:25:38,2022-06-06 07:38:27,1,0,1,0,3,2018-06-20 22:05:42,2018-05-18 13:26:32,1360
733,2023-12-08 18:13:10,2019-07-31 01:05:55,1,1,1,0,6,2019-01-05 20:46:52,2018-08-14 05:32:22,1491
734,2022-02-05 06:52:29,2020-09-03 00:02:34,0,0,1,0,3,2018-09-01 12:06:51,2018-04-03 02:42:03,1226
735,2020-03-19 00:07:41,2021-06-02 12:01:19,1,0,1,0,5,2018-08-09 04:11:27,2018-09-13 22:16:43,1618
736,2021-05-28 15:06:45,2024-06-03 02:40:38,0,0,1,0,4,2018-08-31 03:10:31,2018-11-03 09:08:05,1475
737,2020-06-17 16:15:50,2024-04-12 16:02:42,1,0,1,0,4,2018-10-30 09:14:41,2018-12-14 06:50:57,1542
738,2020-10-28 00:36:58,2023-02-22 23:16:48,1,0,1,0,3,2018-06-22 16:08:08,2018-03-10 23:10:20,1331
739,2023-09-04 22:55:11,2018-03-26 19:05:20,0,0,1,0,5,2018-08-31 15:10:57,2018-03-17 20:11:05,1238
740,2018-05-28 03:24:23,2018-06-08 17:26:39,1,0,1,0,3,2018-10-11 15:22:59,2018-04-11 14:08:21,1671
741,2021-05-29 07:16:06,2024-01-06 09:01:31,0,0,1,0,1,2018-07-23 15:38:31,2018-09-06 07:44:58,1992
742,2019-10-02 23:56:40,2019-08-25 09:55:32,1,0,1,0,4,2018-06-09 23:04:38,2018-04-14 15:02:17,1431
743,2022-04-27 17:07:10,2019-11-03 06:37:05,0,0,1,0,6,2018-06-27 09:38:15,2018-12-23 20:39:11,1413
744,2021-04-13 21:46:43,2021-05-15 15:25:01,0,0,1,0,5,2018-12-28 23:55:46,2018-04-09 21:20:58,1380
745,2022-09-13 09:34:38,2024-11-04 12:53:13,0,0,1,0,5,2018-08-26 05:26:38,2018-09-14 17:02:11,1111
746,2022-05-06 11:55:38,2018-04-01 09:17:14,1,0,1,0,5,2018-05-27 23:07:58,2018-09-23 15:52:26,1965
747,2021-07-04 11:35:42,2020-08-19 05:36:23,0,0,1,0,2,2018-08-21 05:55:34,2018-09-22 08:47:06,1073
748,2023-08-24 16:27:53,2021-06-03 09:12:43,1,0,1,0,6,2018-12-24 13:06:04,2018-03-10 04:39:51,1204
749,2024-12-18 19:31:03,2020-06-30 09:10:25,0,0,1,0,5,2018-04-19 03:26:39,2018-04-30 14:47:24,1569
750,2021-01-16 09:25:52,2022-12-20 15:58:39,1,0,1,0,2,2018-06-28 04:47:35,2018-07-30 09:56:19,1016
751,2020-11-16 14:41:05,2020-08-21 00:57:03,1,0,1,0,2,2018-12-16 00:18:35,2018-07-01 13:00:50,1315
752,2020-05-11 13:49:58,2021-05-30 11:30:09,1,1,1,0,1,2018-10-24 06:10:24,2019-01-26 07:47:12,1717
753,2025-03-06 05:57:45,2023-11-19 03:43:32,1,0,1,0,6,2018-08-30 04:51:31,2018-12-05 14:48:39,1259
754,2022-11-20 15:36:27,2022-01-28 14:17:18,1,0,1,0,4,2018-07-30 14:59:46,2018-12-31 21:44:37,1390
755,2020-04-01 17:02:04,2021-12-22 21:57:58,1,0,1,0,2,2018-10-02 08:15:25,2018-11-09 14:56:16,1850
756,2024-01-21 18:30:15,2020-06-09 09:02:47,0,1,1,0,1,2018-10-30 13:04:53,2018-09-30 13:16:03,1749
757,2022-11-24 14:04:31,2021-05-09 21:55:48,1,0,1,0,1,2019-01-07 07:36:26,2018-03-18 10:14:50,1195
758,2022-06-21 14:54:47,2020-07-20 22:47:30,1,0,1,0,1,2019-03-04 23:59:32,2019-01-16 11:19:51,1035
759,2024-08-20 00:55:37,2020-04-18 04:33:50,0,1,1,0,2,2018-05-29 11:38:20,2018-04-24 00:41:08,1343
760,2019-03-07 03:21:30,2021-07-15 10:33:04,1,1,1,0,4,2018-12-28 03:27:18,2018-11-16 00:03:17,2000
761,2019-07-17 09:44:56,2021-05-10 16:43:50,0,0,1,0,1,2018-06-25 05:30:57,2018-08-28 02:39:24,1370
762,2018-08-25 04:30:14,2021-12-27 00:09:50,1,0,1,0,6,2018-07-19 01:44:59,2018-11-20 18:09:36,1091
763,2019-10-01 04:41:16,2019-07-31 15:00:24,0,1,1,0,2,2018-04-12 20:52:21,2018-08-25 04:47:50,1193
764,2022-10-14 09:08:32,2023-01-27 23:18:33,0,0,1,0,2,2018-03-25 09:11:31,2019-02-22 03:35:26,1831
765,2021-11-25 12:15:41,2024-07-08 14:46:59,1,1,1,0,3,2018-08-26 06:24:17,2018-10-31 11:30:54,1281
766,2020-02-12 06:07:20,2024-04-24 00:03:56,0,0,1,0,5,2018-09-14 23:36:24,2018-12-07 08:37:03,1552
767,2018-08-20 14:29:19,2023-10-29 12:24:46,0,1,1,0,6,2018-06-09 07:29:50,2018-07-25 07:18:23,1610
768,2023-01-07 04:13:06,2025-01-24 12:08:09,1,0,1,0,1,2018-12-06 19:06:13,2018-12-09 20:23:23,1156
769,2023-04-08 08:52:08,2023-03-31 18:03:40,1,0,1,0,2,2018-07-08 17:36:27,2018-10-19 18:47:48,1326
770,2020-01-13 14:03:29,2021-07-02 16:22:05,0,1,1,0,1,2018-03-30 12:19:31,2018-08-31 12:23:55,1272
771,2024-06-21 03:25:41,2022-07-24 05:50:13,0,1,1,0,3,2018-09-05 09:29:35,2018-12-11 17:12:00,1037
772,2020-08-14 00:15:50,2018-04-06 16:15:21,1,0,1,0,6,2018-09-27 00:29:37,2018-04-25 05:43:30,1917
773,2023-02-08 18:22:35,2022-09-06 11:41:49,1,1,1,0,3,2018-07-09 06:28:49,2018-10-21 17:11:29,1689
774,2022-02-27 17:08:58,2022-04-02 19:32:52,1,0,1,0,2,2019-01-02 00:56:19,2018-07-26 11:29:43,1308
775,2021-06-27 03:45:47,2018-07-11 10:12:59,0,0,1,0,6,2018-03-13 21:28:47,2018-10-25 01:49:52,1020
776,2024-07-31 00:06:25,2018-11-24 05:33:32,0,0,1,0,1,2018-05-18 00:50:49,2018-07-06 22:52:12,1116
777,2020-06-12 07:25:35,2021-08-04 15:51:03,1,0,1,0,3,2019-01-15 14:38:11,2019-03-03 05:54:23,1308
778,2024-05-04 03:41:51,2024-01-09 02:33:19,0,0,1,0,5,2019-02-27 06:05:01,2019-01-22 13:35:10,1111
779,2022-10-20 00:05:28,2019-03-06 01:40:50,0,0,1,0,6,2018-09-16 22:47:57,2019-02-27 07:30:26,1670
780,2019-11-29 12:46:40,2025-01-12 03:16:09,1,0,1,0,1,2019-01-04 20:49:26,2018-09-20 16:36:26,1305
781,2022-04-29 16:22:15,2019-11-24 02:32:29,0,0,1,0,4,2018-03-24 19:29:47,2018-05-22 09:05:43,1867
782,2019-01-18 00:00:32,2020-09-03 01:34:17,1,0,1,0,6,2018-07-14 21:09:53,2018-11-26 21:48:18,1126
783,2018-09-05 20:00:54,2022-11-01 08:36:32,0,0,1,0,6,2018-10-04 12:49:46,2018-10-18 22:21:53,1473
784,2024-12-09 07:28:53,2019-02-11 07:16:35,1,0,1,0,1,2018-09-07 05:18:43,2018-05-27 03:17:28,1480
785,2024-02-06 22:15:48,2019-07-04 12:18:03,0,0,1,0,3,2018-06-15 10:54:37,2018-11-02 15:14:45,1513
786,2024-08-01 23:15:10,2024-05-20 17:19:10,1,0,1,0,2,2018-10-23 19:12:29,2018-09-19 18:40:44,1952
787,2020-01-23 20:56:38,2022-10-23 05:59:54,1,0,1,0,4,2018-07-14 13:42:55,2018-10-24 04:58:10,1508
788,2021-09-30 23:53:46,2023-05-06 12:12:25,1,0,1,0,3,2019-01-19 17:00:24,2018-07-26 18:46:57,1076
789,2023-02-15 12:29:33,2019-04-05 06:28:36,0,0,1,0,3,2018-05-01 23:09:00,2018-05-22 19:45:04,1665
790,2019-02-08 03:22:15,2019-01-30 06:01:53,0,1,1,0,6,2018-11-25 22:44:21,2018-11-02 14:03:29,1253
791,2020-05-07 01:22:46,2021-10-09 01:56:37,0,0,1,0,3,2018-11-15 23:52:39,2018-06-21 05:23:43,1556
792,2021-09-04 20:14:03,2018-06-17 01:56:25,1,0,1,0,1,2018-06-01 13:36:11,2019-01-29 15:38:24,1845
793,2023-08-09 03:14:42,2020-01-16 03:52:21,1,0,1,0,2,2019-02-16 16:45:01,2018-11-19 17:43:51,1042
794,2021-03-17 04:04:07,2018-10-09 17:24:27,1,0,1,0,3,2018-11-08 22:51:10,2018-09-18 21:42:29,1515
795,2022-12-02 02:51:01,2019-04-14 15:09:05,0,0,1,0,2,2018-09-17 17:40:07,2018-11-19 23:59:44,1614
796,2022-07-25 03:10:54,2019-08-06 00:15:06,1,0,1,0,6,2019-01-21 14:41:58,2019-02-08 17:38:39,1211
797,2020-04-04 01:54:06,2022-10-12 11:59:59,1,0,1,0,1,2018-07-19 21:23:17,2018-09-15 20:21:58,1980
798,2024-02-15 16:18:44,2025-02-28 03:04:03,1,0,1,0,6,2018-10-08 20:34:10,2018-12-24 07:00:29,1467
799,2024-08-18 19:31:16,2019-12-22 06:11:38,0,0,1,0,2,2018-08-05 21:24:46,2018-06-03 21:48:58,1074
800,2024-09-12 06:21:00,2022-01-22 10:41:23,1,0,1,0,6,2018-05-05 17:41:46,2019-01-19 21:38:35,1332
801,2021-06-17 06:29:45,2021-05-01 07:26:21,0,0,1,0,2,2018-05-08 20:06:55,2018-07-16 17:30:36,1138
802,2020-12-05 23:11:42,2020-11-30 03:55:08,1,0,1,0,1,2019-02-08 23:42:37,2018-08-09 10:43:42,1895
803,2020-02-21 14:29:10,2023-05-12 18:52:19,1,0,1,0,5,2018-03-15 12:35:49,2018-10-09 22:45:55,1363
804,2020-04-07 07:21:55,2019-05-10 08:57:38,1,0,1,0,1,2018-09-26 17:12:30,2018-04-12 12:28:48,1778
805,2020-10-03 12:34:35,2022-06-25 05:54:28,1,0,1,0,5,2018-12-30 22:37:00,2019-01-23 12:25:17,1258
806,2022-11-04 08:19:51,2019-01-22 23:17:47,0,0,1,0,6,2019-02-25 22:01:43,2018-08-15 21:02:47,1128
807,2021-05-06 19:28:14,2021-12-03 02:22:19,0,0,1,0,2,2018-06-03 16:18:35,2019-03-01 05:24:48,1914
808,2019-06-04 02:39:28,2019-05-19 16:31:15,1,0,1,0,6,2018-05-18 06:29:12,2019-02-22 23:20:21,1666
809,2022-09-02 02:18:46,2019-03-17 21:14:39,1,0,1,0,6,2019-02-27 21:22:53,2018-10-26 22:16:28,1615
810,2019-02-17 07:58:24,2020-07-02 09:57:11,1,0,1,0,2,2018-10-01 00:51:33,2018-11-03 07:54:37,1403
811,2025-02-17 16:34:54,2022-09-03 11:41:28,1,0,1,0,2,2018-10-05 02:02:07,2018-09-14 01:20:21,1491
812,2022-08-15 00:35:03,2018-10-06 03:43:44,0,0,1,0,3,2018-12-02 06:06:32,2019-03-04 06:45:59,1482
813,2019-04-08 06:52:04,2018-05-22 23:44:54,0,0,1,0,6,2018-07-24 03:22:12,2018-10-15 03:44:27,1029
814,2023-12-19 08:33:33,2023-01-15 07:19:51,0,0,1,0,4,2019-01-18 18:44:10,2018-04-29 15:07:38,1878
815,2023-06-13 09:23:39,2021-04-14 20:43:49,1,0,1,0,1,2018-12-15 10:49:19,2018-06-14 21:19:53,1462
816,2019-03-29 03:28:45,2020-08-07 03:31:30,0,0,1,0,1,2018-11-08 13:00:13,2018-05-06 15:03:14,1802
817,2020-12-25 01:34:25,2023-01-09 13:46:58,0,0,1,0,6,2018-12-14 21:14:01,2019-02-20 06:33:05,1233
818,2021-07-27 12:43:56,2023-12-18 18:18:16,1,0,1,0,6,2018-05-28 07:03:59,2018-12-11 16:37:53,1526
819,2024-01-23 04:46:00,2022-12-27 03:09:21,1,0,1,0,5,2019-02-19 19:55:01,2018-08-15 01:58:49,1216
820,2025-01-06 14:00:44,2021-07-04 06:22:40,0,0,1,0,2,2018-03-24 01:51:20,2018-08-30 17:41:06,1567
821,2020-10-05 21:08:25,2020-03-26 00:13:16,1,0,1,0,5,2018-03-08 08:52:59,2018-03-12 14:45:18,1362
822,2020-12-09 09:56:49,2024-10-31 20:48:48,1,0,1,0,2,2018-11-02 04:35:02,2018-12-16 08:22:54,1812
823,2025-01-22 01:25:42,2018-04-02 05:09:53,0,0,1,0,3,2019-03-04 12:43:06,2019-01-10 18:04:30,1428
824,2020-03-17 14:11:06,2022-11-08 07:38:43,0,0,1,0,4,2018-10-13 05:22:55,2018-12-20 19:48:46,1607
825,2025-02-25 18:12:42,2019-09-28 19:37:04,1,0,1,0,2,2018-03-11 04:17:33,2018-06-25 09:21:07,1656
826,2021-07-14 15:05:05,2019-05-24 09:57:41,0,0,1,0,4,2018-10-27 15:56:32,2018-03-27 11:06:05,1681
827,2019-04-01 20:15:57,2023-11-03 08:50:36,0,1,1,0,2,2018-03-16 02:52:03,2018-10-06 20:36:29,1936
828,2024-10-14 07:14:54,2023-11-23 18:14:03,1,0,1,0,6,2018-05-25 18:11:31,2018-08-14 02:17:13,1530
829,2022-12-01 20:03:04,2019-07-25 18:37:03,0,0,1,0,2,2018-10-20 23:13:22,2019-01-26 13:01:05,1588
830,2019-09-07 05:17:53,2019-01-04 05:30:52,0,0,1,0,3,2018-06-26 23:39:08,2018-09-14 04:53:23,1850
831,2021-10-16 12:09:13,2025-02-27 14:52:18,0,0,1,0,1,2019-01-26 05:08:49,2018-07-26 03:11:09,1079
832,2020-08-21 09:23:15,2023-07-25 04:20:38,0,0,1,0,2,2018-04-23 11:10:29,2018-10-30 16:50:32,1461
833,2020-08-28 16:55:32,2019-08-31 12:46:05,1,0,1,0,3,2018-07-25 14:36:31,2018-07-05 23:34:08,1766
834,2019-03-10 23:20:11,2020-09-25 17:26:23,0,0,1,0,1,2018-08-30 08:03:38,2018-04-01 14:42:08,1871
835,2019-12-10 11:04:32,2023-07-11 18:03:13,0,0,1,0,2,2018-09-25 00:59:14,2018-03-08 00:49:25,1466
836,2019-04-25 07:23:55,2024-07-26 01:26:12,1,0,1,0,4,2018-03-11 02:11:21,2018-10-24 19:53:12,1061
837,2023-04-05 15:51:53,2023-06-27 19:39:38,0,0,1,0,6,2018-07-26 06:20:00,2018-07-03 01:54:32,1515
838,2021-10-30 11:28:36,2025-02-15 23:39:28,0,0,1,0,4,2018-05-23 23:06:23,2018-10-11 15:28:45,1183
839,2022-02-10 20:11:07,2021-05-22 07:35:22,1,0,1,0,2,2018-07-05 00:13:53,2018-11-06 08:55:39,1253
840,2024-11-20 13:35:01,2019-04-23 11:35:49,0,0,1,0,2,2018-11-02 06:11:27,2019-01-27 12:28:34,1335
841,2021-11-12 22:57:35,2018-10-12 18:49:49,0,1,1,0,4,2018-03-28 00:12:02,2018-12-04 21:08:29,1494
842,2023-01-13 01:19:15,2022-02-02 09:53:59,1,0,1,0,1,2018-05-26 21:23:30,2018-11-07 21:52:07,1262
843,2020-10-12 09:17:43,2022-04-10 18:10:24,0,0,1,0,4,2018-12-25 20:47:58,2018-04-13 08:53:34,1119
844,2018-10-30 21:43:25,2018-08-25 07:01:19,0,0,1,0,4,2018-07-03 07:40:42,2018-06-18 05:50:06,1946
845,2021-12-10 15:27:45,2020-12-03 05:40:52,1,1,1,0,1,2018-11-19 18:53:39,2018-09-05 05:34:55,1755
846,2023-08-11 21:57:18,2020-08-10 03:08:43,1,0,1,0,6,2018-03-14 09:19:18,2018-10-05 07:38:27,1450
847,2018-04-30 12:12:24,2022-08-29 07:43:07,1,0,1,0,4,2018-08-01 13:24:16,2019-03-01 17:31:16,1709
848,2021-07-16 11:58:36,2020-02-16 14:59:02,0,0,1,0,4,2018-10-19 05:22:07,2019-01-26 01:08:26,1619
849,2022-03-05 11:07:48,2020-08-04 07:09:18,1,0,1,0,5,2018-07-04 23:57:46,2018-07-17 07:48:26,1587
850,2023-09-03 13:13:47,2022-06-07 21:32:11,1,0,1,0,1,2018-11-04 03:14:47,2019-01-23 22:25:59,1180
851,2023-09-24 21:46:13,2024-10-10 03:15:27,1,0,1,0,1,2018-08-31 08:04:43,2019-03-04 10:44:12,1625
852,2018-07-19 21:36:54,2022-08-08 00:44:03,1,1,1,0,1,2018-04-30 19:16:06,2018-07-24 14:23:20,1671
853,2018-04-01 22:49:24,2019-10-08 20:58:05,0,0,1,0,6,2018-08-09 07:13:22,2018-11-11 08:39:49,1258
854,2021-07-30 21:54:00,2024-11-11 18:20:06,1,0,1,0,2,2019-02-12 14:50:57,2019-01-04 13:14:39,1336
855,2023-02-20 23:27:05,2019-07-23 07:33:09,0,0,1,0,5,2019-02-12 08:56:34,2018-07-15 04:08:03,1246
856,2023-05-07 10:58:01,2022-09-15 22:36:53,0,0,1,0,5,2018-04-21 06:30:43,2019-01-31 08:05:51,1927
857,2023-08-17 12:49:06,2022-01-09 00:29:49,0,0,1,0,1,2018-11-08 00:17:39,2018-07-12 00:35:15,1478
858,2024-02-02 02:55:11,2020-04-04 19:21:27,0,0,1,0,3,2018-07-05 13:46:34,2018-12-03 17:08:42,1169
859,2024-02-22 23:02:30,2019-11-09 05:09:43,1,1,1,0,1,2018-06-14 00:17:12,2018-06-27 01:42:56,1191
860,2023-11-23 07:22:22,2021-06-03 21:29:21,0,0,1,0,2,2018-11-01 20:59:16,2018-05-20 13:51:35,1877
861,2025-01-16 20:24:25,2018-08-20 21:08:22,0,0,1,0,3,2018-11-13 15:23:12,2018-06-04 08:39:43,1077
862,2021-01-14 13:18:27,2019-11-25 03:21:09,1,1,1,0,1,2018-09-27 05:00:25,2018-05-18 01:04:00,1753
863,2023-03-02 21:45:17,2019-10-06 11:55:27,1,0,1,0,6,2019-02-14 05:09:52,2019-02-27 11:37:14,1702
864,2022-05-24 05:54:55,2021-03-05 19:54:01,0,0,1,0,6,2018-12-18 00:00:58,2018-03-19 08:20:58,1706
865,2023-11-16 15:44:11,2019-06-02 14:51:22,1,0,1,0,1,2018-07-11 01:47:38,2018-08-01 13:16:38,1396
866,2018-08-29 05:07:27,2021-07-08 08:31:51,1,0,1,0,3,2018-04-27 23:39:12,2018-11-25 06:59:12,1236
867,2021-03-04 07:49:52,2024-05-11 23:39:04,0,0,1,0,3,2018-09-12 21:24:09,2018-05-01 13:52:59,1661
868,2020-06-06 04:49:43,2025-01-29 07:51:33,1,0,1,0,6,2019-02-15 09:11:06,2018-06-26 05:01:54,1193
869,2019-02-19 08:48:05,2023-04-29 22:05:12,0,0,1,0,1,2018-09-16 15:20:30,2018-07-16 09:51:53,1658
870,2022-08-16 11:21:15,2023-01-15 23:39:37,1,0,1,0,2,2018-04-18 22:11:34,2018-06-13 15:57:25,1241
871,2024-09-05 23:08:18,2018-11-20 02:06:53,1,0,1,0,6,2018-09-06 01:06:13,2018-05-31 01:51:56,1622
872,2021-01-11 16:06:38,2024-10-17 04:23:37,0,0,1,0,5,2018-10-26 10:19:44,2018-10-02 04:50:15,1371
873,2024-04-15 14:06:46,2019-07-21 20:16:19,0,0,1,0,2,2018-12-17 06:49:41,2018-05-19 03:14:53,1120
874,2018-11-22 08:51:10,2022-08-26 02:34:40,0,0,1,0,5,2018-06-01 04:12:17,2018-03-22 21:53:46,1497
875,2024-08-19 10:10:21,2019-05-05 14:06:45,0,0,1,0,5,2018-06-22 22:09:56,2018-03-25 03:11:57,1965
876,2023-08-07 17:42:50,2022-04-24 19:53:34,0,0,1,0,5,2018-09-10 09:23:27,2018-09-02 11:17:00,1501
877,2021-12-31 19:05:32,2020-06-13 08:19:28,1,0,1,0,5,2018-04-14 23:44:39,2018-07-26 15:32:18,1705
878,2020-01-30 15:06:15,2024-10-12 20:53:05,0,0,1,0,5,2018-06-22 00:14:29,2018-09-06 19:46:19,1923
879,2023-07-05 19:51:06,2020-12-11 17:09:13,1,0,1,0,3,2018-07-11 16:31:30,2019-02-22 07:54:59,1996
880,2021-05-31 19:21:37,2020-12-15 07:59:35,0,0,1,0,4,2018-08-17 02:03:39,2019-01-12 09:38:02,1576
881,2025-02-13 23:53:32,2019-03-11 11:18:04,0,0,1,0,5,2018-05-04 06:31:27,2019-02-07 06:42:01,1350
882,2019-05-16 02:10:42,2020-10-21 07:43:06,0,0,1,0,6,2018-08-06 16:55:07,2019-01-22 07:19:51,1548
883,2020-11-22 13:31:08,2020-07-06 12:50:14,1,0,1,0,5,2019-01-13 03:47:54,2018-08-27 06:48:54,1306
884,2023-09-06 08:24:26,2021-05-14 09:22:35,1,0,1,0,1,2018-03-11 17:18:41,2018-11-03 22:17:04,1476
885,2022-09-01 20:02:22,2020-03-29 22:09:26,1,1,1,0,2,2018-04-01 11:42:38,2018-05-11 15:04:42,1022
886,2022-10-03 02:10:30,2023-02-17 09:05:28,1,0,1,0,1,2018-05-27 22:02:46,2018-09-30 17:37:47,1852
887,2019-06-06 04:52:43,2024-11-07 15:38:13,0,0,1,0,6,2018-08-20 09:25:11,2018-12-28 11:14:16,1604
888,2020-11-26 14:03:26,2024-08-17 05:27:46,1,0,1,0,6,2018-08-25 20:27:52,2019-01-16 16:17:10,1911
889,2024-11-20 10:53:52,2023-12-12 10:08:48,1,0,1,0,1,2019-01-10 14:45:55,2019-01-10 03:29:03,1660
890,2019-11-26 20:32:24,2024-05-30 19:04:47,0,0,1,0,6,2018-04-11 19:30:48,2019-03-05 19:16:49,1218
891,2019-02-16 22:24:43,2020-01-28 06:58:38,0,0,1,0,5,2018-09-17 20:50:57,2018-03-25 23:39:26,1458
892,2019-09-18 18:48:49,2023-10-10 01:56:47,0,0,1,0,6,2018-11-09 01:13:26,2018-11-18 16:16:16,1461
893,2020-02-20 09:50:30,2019-11-23 00:02:52,0,0,1,0,6,2019-02-21 14:16:23,2018-12-31 11:15:34,1601
894,2018-03-14 01:20:32,2019-10-18 23:31:54,1,0,1,0,2,2018-08-26 04:02:28,2018-11-15 08:36:31,1490
895,2020-05-09 06:33:03,2021-02-02 16:35:31,1,0,1,0,2,2018-11-13 02:25:08,2018-08-18 07:06:36,1611
896,2019-08-09 13:10:17,2020-05-07 05:24:11,1,1,1,0,5,2018-03-09 02:36:06,2019-02-13 23:03:51,1060
897,2018-12-20 09:08:44,2024-03-30 22:47:12,1,0,1,0,2,2018-11-10 08:11:01,2018-09-20 00:33:11,1005
898,2020-08-30 15:22:44,2021-04-02 00:22:34,0,1,1,0,4,2018-03-25 12:13:29,2018-08-13 18:51:47,1331
899,2019-07-11 02:04:49,2018-05-07 12:42:23,0,1,1,0,3,2018-12-10 05:24:30,2018-12-02 09:12:26,1621
900,2024-09-06 18:39:11,2024-02-09 02:34:41,0,0,1,0,2,2019-01-15 05:22:08,2018-10-24 06:32:07,1093
901,2020-10-01 11:50:50,2018-03-17 06:02:58,1,0,1,0,4,2018-06-25 10:35:56,2018-05-08 19:34:22,1612
902,2022-05-14 16:05:36,2018-04-27 03:00:27,1,0,1,0,1,2018-03-28 13:20:27,2018-06-05 23:36:06,1911
903,2020-07-06 03:20:18,2023-03-31 07:39:05,1,0,1,0,5,2018-05-02 10:25:51,2018-04-16 04:49:58,1976
904,2025-01-17 20:54:43,2024-01-19 15:53:26,0,0,1,0,5,2018-09-17 05:21:51,2019-01-18 16:03:34,1564
905,2020-05-09 05:51:45,2020-02-25 10:14:23,0,0,1,0,1,2018-10-12 09:45:48,2019-02-24 13:04:05,1567
906,2024-02-08 13:21:32,2020-04-05 22:11:17,0,0,1,0,1,2019-02-14 14:57:34,2019-02-13 23:35:40,1985
907,2023-05-18 01:24:33,2022-08-16 17:06:04,1,0,1,0,6,2018-12-11 08:47:10,2018-12-28 06:17:05,1850
908,2023-02-25 03:57:09,2020-05-31 02:49:49,1,0,1,0,3,2018-08-16 17:26:42,2018-04-23 07:42:25,1804
909,2021-02-24 22:47:16,2022-08-20 07:38:36,0,0,1,0,2,2018-04-17 05:02:38,2018-06-03 03:22:56,1328
910,2025-02-24 20:20:56,2023-06-26 08:07:45,1,0,1,0,1,2018-08-03 14:05:30,2019-01-10 00:26:22,1664
911,2022-03-14 15:45:49,2024-01-07 02:58:53,0,0,1,0,1,2018-07-11 08:05:14,2018-03-23 04:15:04,1428
912,2020-07-15 06:26:19,2019-05-16 05:26:52,1,0,1,0,1,2019-01-10 03:40:53,2018-12-21 22:56:21,1547
913,2021-10-09 17:50:58,2023-03-30 21:30:25,0,0,1,0,6,2018-04-01 19:40:41,2018-04-16 03:05:03,1345
914,2024-08-09 11:02:18,2022-04-16 10:12:50,1,0,1,0,5,2018-10-08 20:10:02,2018-08-11 08:40:21,1807
915,2024-06-03 14:37:00,2020-10-10 15:14:07,0,0,1,0,6,2019-02-07 00:18:28,2019-01-23 05:28:28,1480
916,2020-07-12 03:50:46,2020-03-18 17:02:10,0,0,1,0,6,2018-09-19 02:55:30,2018-10-02 12:04:43,1788
917,2019-02-05 06:00:07,2024-06-19 02:42:31,1,0,1,0,1,2018-10-21 20:29:39,2018-12-11 14:01:00,1403
918,2020-07-10 08:33:44,2024-05-29 14:50:30,0,0,1,0,6,2018-04-19 23:08:20,2018-07-15 07:04:16,1669
919,2020-06-22 11:01:44,2023-06-01 03:00:56,0,0,1,0,6,2018-10-22 16:12:05,2018-04-25 22:33:38,1331
920,2024-05-28 10:08:02,2021-06-25 09:48:05,1,0,1,0,3,2018-09-11 11:25:50,2018-05-27 03:46:12,1572
921,2019-06-06 08:55:30,2018-05-25 07:52:29,1,0,1,0,3,2018-07-17 19:42:20,2018-12-01 11:09:16,1227
922,2019-08-28 13:54:02,2023-01-09 17:54:50,1,0,1,0,3,2019-02-14 16:46:09,2018-03-09 15:54:16,1823
923,2018-11-05 10:27:37,2024-09-14 04:20:11,0,0,1,0,5,2018-09-04 10:12:53,2018-10-13 11:13:35,1390
924,2022-09-21 20:41:37,2023-05-31 13:20:01,1,0,1,0,4,2019-01-22 09:06:12,2018-10-28 20:05:05,1021
925,2020-08-06 23:46:23,2021-12-05 14:35:20,1,0,1,0,5,2018-08-19 11:19:43,2018-11-25 22:10:56,1083
926,2019-11-11 06:21:51,2024-01-05 08:58:48,0,0,1,0,2,2018-06-24 09:58:17,2019-01-03 00:46:45,1184
927,2018-08-26 02:15:36,2022-10-19 18:04:52,0,0,1,0,2,2018-07-27 07:40:05,2019-01-14 06:25:56,1634
928,2023-08-09 11:21:29,2020-04-18 07:40:26,1,0,1,0,2,2018-05-18 20:52:32,2019-02-06 18:20:41,1424
929,2024-11-10 16:34:47,2024-08-28 04:24:24,0,0,1,0,5,2018-09-09 08:56:24,2019-01-09 11:07:39,1662
930,2023-01-31 18:11:47,2019-12-10 19:07:58,0,0,1,0,2,2018-11-25 19:10:05,2018-03-24 10:09:48,1981
931,2020-04-09 16:18:49,2020-09-27 10:10:40,1,0,1,0,5,2018-08-16 22:51:36,2018-11-24 11:37:03,1034
932,2020-10-08 22:13:49,2019-12-04 02:00:14,1,0,1,0,1,2018-12-16 14:57:58,2018-10-14 22:42:24,1689
933,2024-11-17 07:26:29,2021-09-15 12:16:02,1,0,1,0,3,2018-03-29 23:59:31,2018-05-03 14:18:34,1139
934,2021-12-25 10:25:55,2020-01-21 02:53:53,0,0,1,0,1,2018-04-25 19:25:29,2018-06-03 06:18:10,1454
935,2024-08-15 01:29:51,2020-09-21 04:53:31,0,0,1,0,1,2018-10-21 23:31:42,2018-11-19 22:29:49,1967
936,2023-11-14 19:53:26,2022-12-11 02:15:41,1,0,1,0,6,2018-12-13 11:47:50,2018-05-28 10:09:26,1109
937,2018-03-27 03:50:08,2019-09-29 07:28:10,0,1,1,0,3,2018-05-10 03:48:11,2018-12-30 13:12:00,1184
938,2024-12-29 10:39:15,2019-05-11 14:32:36,1,0,1,0,4,2018-08-21 23:59:41,2019-01-31 23:37:10,1330
939,2022-04-15 14:56:59,2022-11-30 17:01:07,0,0,1,0,3,2019-02-27 06:59:36,2019-01-01 15:52:55,1322
940,2022-09-08 07:07:11,2019-03-31 01:26:59,0,0,1,0,3,2018-10-23 16:51:32,2019-02-07 00:07:41,1241
941,2020-01-15 12:02:22,2020-09-27 12:48:22,1,0,1,0,3,2018-09-11 06:39:19,2018-07-29 16:03:16,1745
942,2024-12-26 14:15:28,2023-03-19 06:17:39,1,0,1,0,6,2019-02-06 10:30:09,2018-10-14 19:54:59,1043
943,2019-02-06 12:32:24,2024-06-24 04:50:24,1,0,1,0,6,2018-05-19 02:05:32,2019-01-01 21:58:41,1784
944,2022-01-02 09:59:17,2019-06-13 22:54:51,0,0,1,0,1,2018-07-20 09:56:28,2019-02-05 11:46:36,1189
945,2025-01-11 16:18:16,2025-01-07 20:39:12,1,0,1,0,2,2019-01-29 23:43:39,2018-12-10 02:21:56,1958
946,2024-04-24 03:30:58,2022-07-22 08:16:18,1,0,1,0,4,2018-05-18 05:04:00,2018-11-03 18:14:12,1032
947,2019-05-29 02:49:39,2018-11-24 08:16:38,0,0,1,0,5,2018-09-26 01:35:30,2018-04-25 16:19:36,1500
948,2024-04-18 23:14:32,2019-10-04 14:09:09,0,0,1,0,2,2018-07-23 13:01:39,2018-08-15 09:03:43,1358
949,2023-06-19 22:23:44,2022-04-08 09:37:38,1,0,1,0,1,2018-05-18 18:35:20,2018-04-15 11:58:52,1010
950,2021-10-20 14:49:38,2020-07-28 18:23:12,0,0,1,0,1,2018-06-23 00:29:39,2018-07-02 15:05:38,1488
951,2022-02-28 14:04:10,2022-10-04 15:40:11,0,0,1,0,3,2018-03-14 07:11:53,2018-04-26 15:01:28,1137
952,2021-04-08 21:41:10,2019-07-23 02:56:02,1,0,1,0,4,2018-07-11 11:03:41,2018-12-06 00:38:30,1706
953,2022-09-03 19:52:53,2022-07-07 02:51:45,1,1,1,0,1,2018-04-07 18:06:07,2018-11-12 05:57:18,1012
954,2020-12-16 01:14:38,2022-05-17 12:18:14,0,0,1,0,5,2019-01-02 09:34:33,2019-03-03 15:00:45,1283
955,2020-03-11 13:15:13,2024-03-08 17:35:51,0,0,1,0,5,2018-05-04 20:16:35,2018-07-21 09:21:57,1975
956,2020-09-07 14:30:17,2018-12-01 05:51:29,0,0,1,0,2,2018-04-18 08:24:10,2018-09-10 06:31:43,1167
957,2020-07-28 07:54:18,2020-05-06 13:37:54,0,1,1,0,3,2018-10-16 12:49:00,2019-01-01 16:04:08,1988
958,2018-04-16 20:35:09,2023-02-15 09:38:13,1,0,1,0,3,2018-04-12 09:16:39,2019-01-06 09:22:29,1304
959,2020-03-17 13:34:44,2024-11-03 16:59:22,1,0,1,0,2,2018-09-30 01:47:40,2018-09-22 02:23:59,1125
960,2024-08-11 10:55:23,2024-01-31 19:41:05,0,0,1,0,5,2018-11-19 18:05:25,2018-10-23 11:14:58,1343
961,2024-02-05 13:09:20,2018-12-23 20:38:38,1,0,1,0,2,2018-03-31 04:16:31,2018-05-18 23:01:56,1223
962,2018-05-28 13:31:32,2022-06-04 00:32:46,1,1,1,0,3,2018-11-25 11:45:28,2018-10-14 01:06:37,1897
963,2019-08-15 12:44:07,2020-10-11 16:30:43,0,0,1,0,5,2019-02-01 06:06:01,2018-06-11 01:32:37,1997
964,2020-09-09 01:10:00,2019-04-17 11:11:34,0,0,1,0,2,2019-03-07 17:24:23,2018-05-13 05:29:56,1812
965,2021-04-02 12:50:52,2021-01-27 02:09:54,1,0,1,0,3,2018-09-30 11:05:23,2018-08-17 17:33:46,1134
966,2022-02-15 00:52:19,2020-05-27 09:35:16,0,0,1,0,2,2018-07-11 14:49:03,2019-02-11 03:06:09,1054
967,2022-03-31 16:26:39,2024-10-18 05:34:48,0,0,1,0,3,2018-10-30 23:26:48,2018-04-08 05:54:08,1274
968,2023-06-10 21:25:44,2020-07-19 11:40:03,0,0,1,0,6,2018-06-30 10:38:00,2018-10-19 12:13:51,1593
969,2019-01-13 22:18:28,2021-08-15 21:21:35,0,1,1,0,1,2018-06-23 01:56:23,2019-02-15 05:09:45,1184
970,2020-04-26 20:53:49,2023-04-27 17:21:42,1,0,1,0,1,2018-07-15 03:32:54,2018-07-14 15:57:40,1600
971,2023-05-16 01:06:50,2019-11-23 22:19:26,1,0,1,0,4,2018-08-31 23:58:24,2019-03-03 21:28:26,1921
972,2018-11-12 19:13:55,2022-03-26 15:57:52,0,0,1,0,2,2019-02-07 14:02:28,2018-04-17 13:24:50,1834
973,2019-01-02 09:22:42,2020-12-23 05:53:56,1,0,1,0,4,2018-09-15 03:41:28,2019-02-18 03:41:19,1266
974,2018-05-26 12:40:03,2021-01-15 10:07:41,0,0,1,0,4,2018-03-13 14:06:01,2018-08-12 02:32:26,1844
975,2018-03-25 10:32:37,2023-06-20 09:33:55,0,0,1,0,3,2018-04-24 00:25:02,2018-12-01 00:33:19,1482
976,2019-07-01 18:36:11,2020-07-06 00:52:48,0,0,1,0,1,2019-01-03 09:44:18,2018-06-21 01:33:40,1262
977,2020-04-06 16:16:49,2022-02-24 02:47:23,1,1,1,0,1,2018-04-22 00:30:50,2018-04-27 19:23:59,1784
978,2019-02-14 08:14:25,2020-12-04 01:58:33,1,0,1,0,4,2018-08-03 08:13:44,2019-02-23 07:41:57,1392
979,2022-11-19 17:45:31,2024-03-01 01:16:40,0,0,1,0,5,2018-05-22 00:14:15,2018-11-24 00:39:14,1910
980,2020-11-21 04:52:31,2021-08-20 15:51:06,0,0,1,0,3,2018-05-01 18:04:58,2018-06-24 20:20:33,1523
981,2024-09-13 19:19:15,2024-12-24 10:31:21,0,0,1,0,4,2019-02-21 09:13:11,2019-02-11 11:27:43,1496
982,2019-01-27 18:16:12,2024-06-09 01:20:34,0,0,1,0,1,2018-06-14 19:23:49,2018-10-31 23:39:37,1486
983,2018-10-19 04:20:58,2018-11-05 21:10:02,1,0,1,0,4,2018-12-12 03:19:24,2018-11-27 13:40:41,1528
984,2022-10-10 16:14:18,2023-02-05 12:09:29,1,0,1,0,4,2018-09-10 04:37:47,2018-11-14 23:19:11,1173
985,2018-12-29 08:52:23,2019-08-17 21:00:42,1,0,1,0,3,2019-02-27 10:48:51,2018-11-18 21:52:36,1682
986,2018-03-23 16:07:32,2025-01-01 13:08:53,1,0,1,0,5,2018-07-20 05:08:41,2018-07-31 15:17:42,1784
987,2022-06-08 16:10:29,2021-01-02 22:03:39,0,0,1,0,4,2019-01-14 01:26:19,2018-04-27 06:25:56,1464
988,2018-11-24 07:32:51,2021-01-18 04:19:24,1,0,1,0,6,2018-04-11 16:20:34,2018-07-30 03:08:28,1908
989,2019-06-19 00:16:16,2020-01-13 11:31:14,0,1,1,0,4,2018-04-05 16:27:08,2018-08-31 02:17:27,1804
990,2021-11-29 14:07:27,2019-11-10 07:50:14,1,0,1,0,6,2018-12-08 11:20:26,2018-06-02 07:18:23,1649
991,2020-12-23 04:50:28,2018-03-18 08:57:00,0,0,1,0,2,2018-09-11 04:35:11,2018-05-31 18:58:03,1192
992,2023-01-17 16:39:15,2021-05-08 17:27:11,0,0,1,0,4,2018-04-10 07:13:40,2018-03-17 21:16:08,1475
993,2021-12-25 10:38:11,2025-02-21 00:57:01,1,0,1,0,4,2018-12-24 14:30:05,2018-09-26 10:45:54,1767
994,2021-05-16 04:23:06,2024-05-25 16:19:06,1,1,1,0,4,2018-12-14 22:49:33,2018-12-09 18:37:56,1547
995,2019-11-11 21:20:38,2024-04-25 08:03:00,0,0,1,0,5,2019-02-25 17:01:42,2018-10-21 23:45:30,1751
996,2021-06-29 03:43:43,2022-12-01 22:18:43,1,0,1,0,1,2018-05-26 17:39:39,2019-01-08 15:41:04,1203
997,2021-01-25 12:02:45,2021-05-28 00:23:59,1,1,1,0,1,2018-11-11 05:53:22,2018-03-25 13:43:21,1403
998,2021-12-03 17:27:15,2019-10-25 09:37:40,1,1,1,0,2,2018-11-02 23:06:43,2018-04-08 06:50:40,1327
999,2023-08-07 04:09:32,2023-11-21 19:38:22,1,0,1,0,1,2018-04-27 23:23:38,2018-07-05 08:30:59,1518
1000,2020-05-18 04:43:22,2021-02-25 07:05:37,1,0,1,0,5,2018-09-15 20:48:44,2018-06-16 19:01:47,1073
